scenario,seed,budget,D_total_rff_l2,D_total_mmr,h_prediction_change,q_prediction_change,optimizer_best_resid,optimizer_min_training_objective,optimizer_final_training_objective,optimizer_updates,training_objective_scope,training_batch_size_cap,parameter_l2,h_prediction_min,h_prediction_max,h_prediction_rms,q_prediction_min,q_prediction_max,q_prediction_rms
S1,1012918525,45,0.9944745812593611,1.2995467243145826,,,1.6112109124660492,0.05702922120690346,0.0674477368593216,45,minibatch_vstat_with_diagonal_regularization,1024,18.2598655454704,-0.4204823970794678,0.29866939783096313,0.14970337824909963,0.8645877242088318,1.2776062488555908,1.0439894352623937
S1,1012918525,90,0.5315918723390649,0.6681508372838884,2.412007712013425,9.387860854122367,0.877719908952713,0.04359674081206322,0.04359674081206322,90,minibatch_vstat_with_diagonal_regularization,1024,18.41167598722371,-1.0760356187820435,1.1798365116119385,0.4446067838662989,1.1412724256515503,2.2921276092529297,1.640821781703444
S1,1012918525,180,0.21308203687318394,0.2235109989337768,1.775112784896522,6.541226167235085,0.37422244995832443,0.039475176483392715,0.039475176483392715,180,minibatch_vstat_with_diagonal_regularization,1024,18.69445882890884,-2.756575584411621,3.141554355621338,1.1925582060871052,1.7395108938217163,4.00241231918335,2.805063154461661
S1,1012918525,300,0.14351443271956035,0.11006601778406344,0.49333269900733895,2.390916640226045,0.26396870613098145,0.028997700661420822,0.028997700661420822,300,minibatch_vstat_with_diagonal_regularization,1024,19.006613145029895,-3.978492259979248,4.618317127227783,1.7539020885837462,2.2142605781555176,5.961909294128418,3.669913216792139
S1,1055953582,45,0.9625966774198275,1.4175781721631207,,,1.6686447858810425,0.05773504078388214,0.06793797016143799,45,minibatch_vstat_with_diagonal_regularization,1024,17.322992321884676,-0.22367236018180847,0.10842655599117279,0.0619394969489892,0.8889526128768921,1.200710654258728,1.0108629165313514
S1,1055953582,90,0.5162060939662267,0.7439346794796042,4.195326948592781,12.625110030323002,0.9108612835407257,0.04188564792275429,0.04188564792275429,90,minibatch_vstat_with_diagonal_regularization,1024,17.473983529039437,-1.3421956300735474,0.5260125398635864,0.293617186049354,1.2026853561401367,2.251418352127075,1.615035780845281
S1,1055953582,180,0.1988193385215306,0.22520504152533324,2.764302647205229,7.942588774043944,0.38820914179086685,0.038027286529541016,0.038027286529541016,180,minibatch_vstat_with_diagonal_regularization,1024,17.786766284253485,-3.862102508544922,2.0471608638763428,1.0684614555110932,1.854068398475647,4.743037223815918,2.8358173669490765
S1,1055953582,300,0.11978161098061749,0.0712790085652262,0.6278154184776763,2.2154499932082694,0.28213443607091904,0.033066798001527786,0.033066798001527786,300,minibatch_vstat_with_diagonal_regularization,1024,18.052678791064988,-5.530775547027588,3.636298894882202,1.711317025026711,2.324298143386841,6.401187896728516,3.7039254685722143
S1,1107891221,45,1.023830752847324,1.4896572515285254,,,1.8448186814785004,0.07241625338792801,0.0774124264717102,45,minibatch_vstat_with_diagonal_regularization,1024,18.742118311768387,-0.2476966381072998,0.27363041043281555,0.11399869196487153,0.8211948871612549,1.1982591152191162,0.976340773907106
S1,1107891221,90,0.5420997585843932,0.7809525928805224,2.7498247047023434,10.453672340136245,0.9796304404735565,0.04873209819197655,0.04873209819197655,90,minibatch_vstat_with_diagonal_regularization,1024,18.89237287052213,-1.1468372344970703,0.8732974529266357,0.3953250375272742,1.1525458097457886,2.3013803958892822,1.584697414713707
S1,1107891221,180,0.20788901011359848,0.26172798175026496,2.0609737366545864,7.003068045633999,0.37938161939382553,0.04340343549847603,0.04340343549847603,180,minibatch_vstat_with_diagonal_regularization,1024,19.17607750366211,-3.0268218517303467,2.4664177894592285,1.1731033952211156,1.7889742851257324,4.50738525390625,2.8289611587397983
S1,1107891221,300,0.1106827071845668,0.10077564823622773,0.5441911413172715,2.1215842261641993,0.23753518611192703,0.03794078528881073,0.03794078528881073,300,minibatch_vstat_with_diagonal_regularization,1024,19.4319094616863,-4.396196365356445,3.9691946506500244,1.7793739924998169,2.169874668121338,6.689725399017334,3.7624927896088014
S1,1359749121,45,1.083237080842324,1.5926988614363073,,,1.9452745020389557,0.05521650239825249,0.06887950003147125,45,minibatch_vstat_with_diagonal_regularization,1024,17.90202289203144,-0.345916211605072,0.41269999742507935,0.1245888390201936,0.7922070622444153,1.1378334760665894,0.923121725417471
S1,1359749121,90,0.5707997910897915,0.8380915073220083,2.9017170428379315,9.158083720589222,1.0370833575725555,0.041539862751960754,0.041539862751960754,90,minibatch_vstat_with_diagonal_regularization,1024,18.05667620452797,-1.3629505634307861,1.4495601654052734,0.44420419378751264,1.062973141670227,2.1797993183135986,1.516942130382615
S1,1359749121,180,0.2091461731166207,0.3230606135070879,1.7013091913567728,6.4223205766668965,0.38692501932382584,0.036914605647325516,0.036914605647325516,180,minibatch_vstat_with_diagonal_regularization,1024,18.331711824838248,-3.3496055603027344,3.6683104038238525,1.1738118408717746,1.6567620038986206,4.195189952850342,2.791145323097029
S1,1359749121,300,0.1130165783096409,0.1844614334735165,0.47902056886172434,2.2545904705436235,0.2563846632838249,0.0311659574508667,0.0311659574508667,300,minibatch_vstat_with_diagonal_regularization,1024,18.600135932503743,-4.744814872741699,5.422646522521973,1.7048328237855743,2.0454976558685303,6.188180446624756,3.7519507981785183
S1,1454602123,45,1.0391782123254505,1.4259076226627687,,,1.6607543230056763,0.056659236550331116,0.07596756517887115,45,minibatch_vstat_with_diagonal_regularization,1024,18.72879384964528,-0.585335373878479,0.3452173173427582,0.19415100545436592,0.8137832880020142,1.2296267747879028,0.9900632370499307
S1,1454602123,90,0.5420327474531064,0.7379056303811091,2.156493657903324,9.435701392676789,0.8905775398015976,0.05248337239027023,0.05248337239027023,90,minibatch_vstat_with_diagonal_regularization,1024,18.860154471388586,-1.3952326774597168,1.3585408926010132,0.543834432974603,1.0903018712997437,2.395934581756592,1.6067923512866706
S1,1454602123,180,0.19577788954537828,0.28821865010374464,1.4108892496038217,6.464141119777971,0.379095196723938,0.04751470685005188,0.04751470685005188,180,minibatch_vstat_with_diagonal_regularization,1024,19.114911344601282,-3.183655261993408,3.3683629035949707,1.2821161028112216,1.6292853355407715,4.583979606628418,2.8426529612849882
S1,1454602123,300,0.09880724990486119,0.16937204743910694,0.45627260074817105,2.15813110569242,0.2812785543501377,0.038700614124536514,0.038700614124536514,300,minibatch_vstat_with_diagonal_regularization,1024,19.398725784637215,-4.691985130310059,4.938858985900879,1.82818924909033,1.9061777591705322,5.979955196380615,3.746886469712838
S1,1716666588,45,1.0368685456950746,1.463253771145123,,,1.723358005285263,0.055886030197143555,0.0644279420375824,45,minibatch_vstat_with_diagonal_regularization,1024,18.31684549345893,-0.29960569739341736,0.21166138350963593,0.11699652539773041,0.8252357840538025,1.2582777738571167,0.9849824250589485
S1,1716666588,90,0.5486094979170926,0.7808513120553987,2.808528921575125,7.86694471584406,0.9315266758203506,0.04326673597097397,0.04326673597097397,90,minibatch_vstat_with_diagonal_regularization,1024,18.47127753886383,-1.2274788618087769,0.925665020942688,0.36397093987136736,1.0788260698318481,2.2443175315856934,1.5857126177744365
S1,1716666588,180,0.2028830969871629,0.2800501434786819,2.047356817352725,6.14478334752114,0.39219193905591965,0.03572230786085129,0.03572230786085129,180,minibatch_vstat_with_diagonal_regularization,1024,18.76758898768129,-3.6794214248657227,2.618946075439453,1.066862300261425,1.7201021909713745,4.113554000854492,2.7822167730747918
S1,1716666588,300,0.10376018551877553,0.1437181158897164,0.603481040747577,2.869611445853222,0.26719488576054573,0.02223573625087738,0.02223573625087738,300,minibatch_vstat_with_diagonal_regularization,1024,19.20003882731462,-5.7464680671691895,4.059294700622559,1.6620593335390306,1.9222009181976318,7.0294318199157715,3.7760453591581205
S1,1844672021,45,1.1007711411599712,1.5875795677484588,,,1.8343191146850586,0.06068861484527588,0.0687982365489006,45,minibatch_vstat_with_diagonal_regularization,1024,18.299042855348127,-0.42883434891700745,0.2159608006477356,0.154096535287295,0.77885502576828,1.0938440561294556,0.9189663663409823
S1,1844672021,90,0.5853227897544728,0.854113195590457,2.9545302515719905,9.959371233501221,0.9952971488237381,0.048325978219509125,0.048325978219509125,90,minibatch_vstat_with_diagonal_regularization,1024,18.459223870843648,-1.4989144802093506,1.1476951837539673,0.43550895393724404,1.0857974290847778,2.0665459632873535,1.4951601183946317
S1,1844672021,180,0.21543954412228686,0.36158028480935356,1.8678072374039638,7.0727166673378425,0.39972490072250366,0.042110659182071686,0.042110659182071686,180,minibatch_vstat_with_diagonal_regularization,1024,18.758162928395755,-3.5129919052124023,3.515148878097534,1.1621633106774334,1.7943564653396606,4.022417068481445,2.7447188527582678
S1,1844672021,300,0.1179814410430884,0.2544832809947815,0.5332601508009774,2.3732790139164783,0.26607532426714897,0.030459003522992134,0.030459003522992134,300,minibatch_vstat_with_diagonal_regularization,1024,19.088807449745236,-4.896622180938721,5.560786724090576,1.7433635563398413,2.0698702335357666,6.454492092132568,3.6660303511247654
S1,1988249060,45,1.1408797917209117,1.548371203620278,,,1.8825494647026062,0.06357423216104507,0.07830198109149933,45,minibatch_vstat_with_diagonal_regularization,1024,18.301172598323106,-0.3260282278060913,0.28751176595687866,0.0916191755804535,0.8123036026954651,1.1298593282699585,0.916915371007085
S1,1988249060,90,0.5890934847558151,0.7663043589931106,3.6656045771500754,12.6483465760524,0.9939195811748505,0.05380948632955551,0.05380948632955551,90,minibatch_vstat_with_diagonal_regularization,1024,18.44749111145767,-1.0648647546768188,1.0815638303756714,0.40694402571668875,1.1821949481964111,2.137099504470825,1.5133292462588945
S1,1988249060,180,0.21850657137815727,0.22723447487006715,1.99173700447082,8.569611856190463,0.39697615057229996,0.047419123351573944,0.047419123351573944,180,minibatch_vstat_with_diagonal_regularization,1024,18.721490713830214,-2.8928382396698,3.003817558288574,1.1894156215975682,1.954493522644043,4.19917106628418,2.746203268208066
S1,1988249060,300,0.11750827199003948,0.07694153311472157,0.5139531507747921,2.865906573590736,0.2911761626601219,0.03272925689816475,0.03272925689816475,300,minibatch_vstat_with_diagonal_regularization,1024,19.027556457212373,-4.383803367614746,4.830247402191162,1.776889489817649,2.156581163406372,6.498680591583252,3.7140716161211476
S2,1012918525,45,1.0142644957902702,1.3595085661175725,,,1.6472382247447968,0.06222529336810112,0.07229357957839966,45,minibatch_vstat_with_diagonal_regularization,1024,18.258952037380645,-0.49380114674568176,0.3616889715194702,0.19719489333953003,0.8733718991279602,1.2522739171981812,1.0452394005648062
S2,1012918525,90,0.5467096770706531,0.7194236881745972,1.7717666621525225,9.505730624871667,0.9306199550628662,0.039859168231487274,0.039859168231487274,90,minibatch_vstat_with_diagonal_regularization,1024,18.41409894620764,-1.6741573810577393,0.932684063911438,0.4758013672131012,1.190484642982483,2.298229217529297,1.6469936153199258
S2,1012918525,180,0.20835120195080972,0.2264963107722644,1.8421467443022947,6.449331846484557,0.41864389926195145,0.03563593700528145,0.03563593700528145,180,minibatch_vstat_with_diagonal_regularization,1024,18.707779777795228,-4.303299903869629,2.8891708850860596,1.2388252556233987,1.8727043867111206,4.257967472076416,2.818476016012238
S2,1012918525,300,0.11612316069821157,0.11309224182562087,0.544536785188058,2.1353645894703996,0.2726477310061455,0.023265620693564415,0.023265620693564415,300,minibatch_vstat_with_diagonal_regularization,1024,19.007842370133456,-6.140848159790039,4.53695821762085,1.8686492514513147,2.045754909515381,5.599842548370361,3.6297323781184767
S2,1055953582,45,0.9667691033633165,1.4275882868771237,,,1.6982018947601318,0.060469258576631546,0.06811700761318207,45,minibatch_vstat_with_diagonal_regularization,1024,17.34902216431194,-0.36607274413108826,0.30659371614456177,0.1256001331882115,0.8893271684646606,1.2270634174346924,1.0100790665991497
S2,1055953582,90,0.5162960317825543,0.757873306823303,2.400197006231916,12.766482490108325,0.9337067306041718,0.04561634361743927,0.04561634361743927,90,minibatch_vstat_with_diagonal_regularization,1024,17.521507855799218,-1.6105458736419678,0.7843651175498962,0.40777220189363855,1.231956958770752,2.2315385341644287,1.6114238309630067
S2,1055953582,180,0.18355087629019234,0.24788635275376597,1.9803360377224917,8.734379311191372,0.397132508456707,0.03888844698667526,0.03888844698667526,180,minibatch_vstat_with_diagonal_regularization,1024,17.856549916862,-4.072229862213135,2.2817511558532715,1.1723141542158138,1.9626600742340088,4.16431188583374,2.8376764906713947
S2,1055953582,300,0.10192732013184827,0.1038540623184138,0.5567242965097504,2.906189802089072,0.3029579445719719,0.021969232708215714,0.021969232708215714,300,minibatch_vstat_with_diagonal_regularization,1024,18.247054077852706,-5.403616428375244,4.293979167938232,1.7814855254491082,2.294978141784668,6.701195240020752,3.750476363119185
S2,1107891221,45,1.0347158606220623,1.483773462029217,,,1.8476257026195526,0.06476520001888275,0.0772826299071312,45,minibatch_vstat_with_diagonal_regularization,1024,18.751938868214026,-0.362993061542511,0.3845958113670349,0.17746657407613545,0.8283883929252625,1.1913046836853027,0.9783862147665212
S2,1107891221,90,0.5463463215140868,0.7682808979854743,1.7425979772773563,10.11656621560659,0.9719067364931107,0.04461491107940674,0.04461491107940674,90,minibatch_vstat_with_diagonal_regularization,1024,18.89596375823094,-1.2319772243499756,0.982111930847168,0.45625266396677333,1.1338281631469727,2.251802921295166,1.5875035391969183
S2,1107891221,180,0.20695587120469858,0.2540128591338608,1.9244685963644204,7.0286749726301,0.3812175318598747,0.039709534496068954,0.039709534496068954,180,minibatch_vstat_with_diagonal_regularization,1024,19.186744312202613,-3.3786816596984863,3.0575482845306396,1.220371748150201,1.7535486221313477,4.2294816970825195,2.806552697535662
S2,1107891221,300,0.11341114155256089,0.09156320489235317,0.642728422133177,2.310154377248966,0.28168144077062607,0.0338657945394516,0.0338657945394516,300,minibatch_vstat_with_diagonal_regularization,1024,19.4399507516742,-5.380666732788086,5.096551895141602,1.932141313418432,2.2233502864837646,5.686481952667236,3.667845206418636
S2,1359749121,45,1.1111249339232172,1.595301176741251,,,2.02451753616333,0.06808485090732574,0.06808485090732574,45,minibatch_vstat_with_diagonal_regularization,1024,17.913372841898447,-0.3953065872192383,0.39829981327056885,0.13711725200896296,0.7896711826324463,1.130900502204895,0.9197409307754945
S2,1359749121,90,0.5904101699988268,0.830189000983835,2.67481154456564,9.780439139844386,1.1092108935117722,0.040940772742033005,0.040940772742033005,90,minibatch_vstat_with_diagonal_regularization,1024,18.086901294164267,-1.417298674583435,1.4761507511138916,0.4714157481981447,1.0551776885986328,2.16302490234375,1.500894320761534
S2,1359749121,180,0.2133186889469067,0.28334128283599413,1.78072199466143,7.318860023179099,0.44569843262434006,0.036663562059402466,0.036663562059402466,180,minibatch_vstat_with_diagonal_regularization,1024,18.39603704594773,-3.6689958572387695,3.6536476612091064,1.2649538308975024,1.739034652709961,4.414328575134277,2.7570128702300383
S2,1359749121,300,0.11469706003909586,0.13749530515043745,0.489174035644926,2.4745767989865,0.303577296435833,0.027692291885614395,0.027692291885614395,300,minibatch_vstat_with_diagonal_regularization,1024,18.67102265857389,-5.200056076049805,5.2569260597229,1.8484071908860944,2.159735918045044,5.998270511627197,3.7147536812622897
S2,1454602123,45,1.0799877605602741,1.484055846028781,,,1.7454141080379486,0.05537847429513931,0.06809965521097183,45,minibatch_vstat_with_diagonal_regularization,1024,18.728925961993415,-0.587215781211853,0.19611378014087677,0.19962131332103095,0.8154489398002625,1.1958529949188232,0.9867566113183812
S2,1454602123,90,0.5766890511519404,0.7754253507324842,2.300951811457826,9.929259520308573,0.9554063379764557,0.03950436785817146,0.03950436785817146,90,minibatch_vstat_with_diagonal_regularization,1024,18.873374559879288,-1.7997187376022339,0.876100480556488,0.49463169858355366,1.1435706615447998,2.1758625507354736,1.5901923130709923
S2,1454602123,180,0.21904749874520646,0.2952362480578875,1.6625191404361708,7.086783132365281,0.3953830450773239,0.035378746688365936,0.035378746688365936,180,minibatch_vstat_with_diagonal_regularization,1024,19.137126140794845,-4.003652572631836,2.9937942028045654,1.2345137057925581,1.83294677734375,4.269505500793457,2.7958969623154255
S2,1454602123,300,0.12351966254094482,0.1660572987946224,0.5191406608911497,2.2243874543777666,0.2774854078888893,0.026608075946569443,0.026608075946569443,300,minibatch_vstat_with_diagonal_regularization,1024,19.42403836481447,-5.512720584869385,4.934079170227051,1.8237372101209148,2.4045164585113525,5.700685501098633,3.637745398428563
S2,1716666588,45,1.0842671469395615,1.4847413147952213,,,1.762288123369217,0.07546993345022202,0.08504694700241089,45,minibatch_vstat_with_diagonal_regularization,1024,18.324363521729573,-0.46521028876304626,0.2800082266330719,0.19608264070434728,0.8097002506256104,1.236064076423645,0.9825636036456685
S2,1716666588,90,0.583546768057494,0.7847501040967302,1.5491743769446253,8.154591666507512,0.9657131135463715,0.05458018556237221,0.05458018556237221,90,minibatch_vstat_with_diagonal_regularization,1024,18.480644852820987,-1.2290058135986328,0.9006872773170471,0.43133036254555795,1.0999740362167358,2.259596109390259,1.5712252771872905
S2,1716666588,180,0.22069860925748983,0.3166450112596779,1.8824330279072554,6.3980557054746265,0.41408129036426544,0.048288751393556595,0.048288751393556595,180,minibatch_vstat_with_diagonal_regularization,1024,18.793415408333793,-4.043183326721191,2.647864580154419,1.0740961443635588,1.7852694988250732,4.39032506942749,2.7439038201122172
S2,1716666588,300,0.11610141604370536,0.21683408291159956,0.6964802449908682,2.362388905044451,0.29263418912887573,0.039643630385398865,0.039643630385398865,300,minibatch_vstat_with_diagonal_regularization,1024,19.10772315898201,-6.518279552459717,4.324894428253174,1.738152185875233,2.301605701446533,6.228001594543457,3.593117187799721
S2,1844672021,45,1.1179933423600645,1.575451260524978,,,1.9116197228431702,0.06398484855890274,0.07758794724941254,45,minibatch_vstat_with_diagonal_regularization,1024,18.307796689166512,-0.5457359552383423,0.29076501727104187,0.21280385618635164,0.7720018029212952,1.1422879695892334,0.9178668976938287
S2,1844672021,90,0.5948004561112423,0.8230253459702879,1.7110218711136473,10.35457562715583,1.0532751679420471,0.04755706340074539,0.04755706340074539,90,minibatch_vstat_with_diagonal_regularization,1024,18.45893807987371,-1.5827996730804443,0.9342009425163269,0.4817869250518462,1.049452781677246,2.239929437637329,1.4942175467582575
S2,1844672021,180,0.22120725689093915,0.2964839484939908,1.7577763940962692,6.9600654829915305,0.4286610633134842,0.04190010577440262,0.04190010577440262,180,minibatch_vstat_with_diagonal_regularization,1024,18.757189627593636,-3.837648868560791,3.25688099861145,1.175329340054592,1.6774933338165283,4.335054397583008,2.7293616118511332
S2,1844672021,300,0.12852184487755489,0.14714454657493176,0.6073026246164178,2.2715543909204423,0.2776095047593117,0.030574578791856766,0.030574578791856766,300,minibatch_vstat_with_diagonal_regularization,1024,19.109758850276464,-5.475198745727539,5.571674823760986,1.807221262927298,1.9556692838668823,6.222385406494141,3.654832356216817
S2,1988249060,45,1.1715116362432427,1.5925659036719966,,,1.9051843285560608,0.05026361718773842,0.06609675288200378,45,minibatch_vstat_with_diagonal_regularization,1024,18.315046558552705,-0.4616321921348572,0.31419965624809265,0.1426778688706297,0.812744140625,1.107293725013733,0.9196725914692685
S2,1988249060,90,0.6100021259486161,0.7942315843002858,2.7213273187162152,12.238042753713975,1.0228753685951233,0.04188667982816696,0.04188667982816696,90,minibatch_vstat_with_diagonal_regularization,1024,18.479894426732233,-1.6380183696746826,1.3228493928909302,0.5085996654486219,1.2016856670379639,2.1681854724884033,1.5252929074619628
S2,1988249060,180,0.22217796535835047,0.23028823288224037,1.6650200667771895,8.28938437907591,0.42442286014556885,0.03602350503206253,0.03602350503206253,180,minibatch_vstat_with_diagonal_regularization,1024,18.776530099366532,-3.8281805515289307,3.6864852905273438,1.3247412564170518,1.9623961448669434,4.4420342445373535,2.7585325336479114
S2,1988249060,300,0.1126675833991535,0.05762528759245183,0.4721604484257106,3.0169030982502063,0.28233786672353745,0.02638992853462696,0.02638992853462696,300,minibatch_vstat_with_diagonal_regularization,1024,19.107477197906487,-5.346295356750488,5.635418891906738,1.9272857749885426,2.1358983516693115,6.838411808013916,3.7323792998195113
hamd,1012918525,45,1.1101314048609174,1.5870484763964805,,,1.71931391954422,0.031088799238204956,0.041248925030231476,45,minibatch_vstat_with_diagonal_regularization,1024,18.29011122629106,-0.31496086716651917,0.30673858523368835,0.10361349143424771,0.8093932271003723,1.136949896812439,0.9236534325825999
hamd,1012918525,90,0.5844251935722434,0.8377761070177364,2.798694956352312,11.46162032195287,0.9403499066829681,0.02386404387652874,0.02386404387652874,90,minibatch_vstat_with_diagonal_regularization,1024,18.44859467702914,-1.2821279764175415,0.9026138186454773,0.37105478064647396,1.1805144548416138,2.1339619159698486,1.4991835304860595
hamd,1012918525,180,0.20755574830763526,0.3104273643541255,1.9345256595537863,7.959059469376716,0.3949154242873192,0.020932864397764206,0.020932864397764206,180,minibatch_vstat_with_diagonal_regularization,1024,18.739483881306583,-3.6884586811065674,2.45351505279541,1.0461351823298601,1.8871381282806396,4.164855480194092,2.7253262366332143
hamd,1012918525,300,0.10474099187164461,0.18654004301605825,0.6070029127360194,2.5561248551181044,0.2799888551235199,0.017182258889079094,0.017182258889079094,300,minibatch_vstat_with_diagonal_regularization,1024,19.00386116760797,-5.314214706420898,3.915667772293091,1.6260065710531169,2.1992576122283936,5.394311904907227,3.6033022193086666
hamd,1055953582,45,1.057455755063387,1.4806500157890505,,,1.7579390704631805,0.02735765092074871,0.04479401931166649,45,minibatch_vstat_with_diagonal_regularization,1024,18.208171705703872,-0.3192819356918335,0.14262712001800537,0.08079536229571585,0.8568875789642334,1.1526200771331787,0.979163946001355
hamd,1055953582,90,0.544866079780177,0.7634902335277651,3.4625209060428697,12.085861879732652,0.9351066499948502,0.02007376216351986,0.02013029158115387,90,minibatch_vstat_with_diagonal_regularization,1024,18.359379433430195,-1.4575399160385132,0.5024612545967102,0.34039818471631417,1.2343031167984009,2.0785694122314453,1.5976282878252888
hamd,1055953582,180,0.1967352192598205,0.2670132925246975,2.154627461117286,7.843197282470174,0.3884732276201248,0.017856504768133163,0.017856504768133163,180,minibatch_vstat_with_diagonal_regularization,1024,18.646554729275604,-3.9400477409362793,1.8713266849517822,1.0319234323057123,1.9622827768325806,3.9367101192474365,2.8219959011460634
hamd,1055953582,300,0.09638610041184947,0.12329111945518656,0.6135880309061985,2.4692611652761958,0.248145904392004,0.01620829850435257,0.01620829850435257,300,minibatch_vstat_with_diagonal_regularization,1024,18.88329686341054,-5.484362602233887,3.336238384246826,1.6200809818402768,2.1744298934936523,5.553337097167969,3.696681212465192
hamd,1107891221,45,0.9070366981674678,1.33494897336286,,,1.5663466155529022,0.04098259657621384,0.04860797896981239,45,minibatch_vstat_with_diagonal_regularization,1024,19.15985975136951,-0.39898353815078735,0.2810327112674713,0.10550001303140383,0.8958324790000916,1.2933121919631958,1.0482315385518512
hamd,1107891221,90,0.4795282428980465,0.682616128464488,2.8735971156327413,11.267008018038458,0.8453717827796936,0.02304503694176674,0.02304503694176674,90,minibatch_vstat_with_diagonal_regularization,1024,19.318615989797696,-1.4069759845733643,1.0055272579193115,0.3886959955032167,1.2492929697036743,2.3856117725372314,1.6567339598485495
hamd,1107891221,180,0.18311205810580283,0.20502335371293348,1.9840041099329098,7.1286536635030595,0.3475818559527397,0.019837353378534317,0.019837353378534317,180,minibatch_vstat_with_diagonal_regularization,1024,19.613545089420096,-3.6919357776641846,2.972949504852295,1.1211594102817157,1.7836368083953857,4.292779445648193,2.841976154807253
hamd,1107891221,300,0.11645731837462078,0.09031778873340107,0.5859475333759006,2.1670139155001173,0.24921182543039322,0.015038108453154564,0.015038108453154564,300,minibatch_vstat_with_diagonal_regularization,1024,19.92972588155159,-5.625253200531006,4.957475662231445,1.7449335728242863,2.2492778301239014,5.543466091156006,3.665048838599768
hamd,1359749121,45,0.9992063088851093,1.3572771015166096,,,1.5961746871471405,0.036149363964796066,0.048186980187892914,45,minibatch_vstat_with_diagonal_regularization,1024,18.14583405278598,-0.2094694823026657,0.17144925892353058,0.0573138242264948,0.8910118341445923,1.2516794204711914,1.0175663383512807
hamd,1359749121,90,0.5307993480643765,0.6949884795312488,4.2306922529232365,10.323290118816029,0.8721754848957062,0.023703735321760178,0.023703735321760178,90,minibatch_vstat_with_diagonal_regularization,1024,18.283504537148193,-1.0373141765594482,0.6604034304618835,0.28263174582913914,1.2560410499572754,2.3364126682281494,1.6171168188045462
hamd,1359749121,180,0.1981747919549377,0.20039433509728216,2.7302867139082823,7.202183998014307,0.35540326684713364,0.021364670246839523,0.021364670246839523,180,minibatch_vstat_with_diagonal_regularization,1024,18.56570496015059,-2.7492926120758057,2.492367744445801,1.0156290578051392,1.9368175268173218,4.327367305755615,2.809139301009449
hamd,1359749121,300,0.1096523451853055,0.06711742771287346,0.6524014882549365,2.4213111825816416,0.21994579210877419,0.019358932971954346,0.019358932971954346,300,minibatch_vstat_with_diagonal_regularization,1024,18.808085399813308,-4.405544757843018,4.124580383300781,1.6452240617476357,2.2500967979431152,5.633184909820557,3.674761202562598
hamd,1454602123,45,1.063557600744234,1.5054383094362425,,,1.7340977191925049,0.029798712581396103,0.04581072926521301,45,minibatch_vstat_with_diagonal_regularization,1024,18.45866384887153,-0.4937328100204468,0.02919628471136093,0.18992360450506682,0.827589213848114,1.1876283884048462,0.9697978970415956
hamd,1454602123,90,0.5581223542794785,0.7958059171239702,3.1799886804856294,10.675672102154998,0.9373910427093506,0.02122124657034874,0.02122124657034874,90,minibatch_vstat_with_diagonal_regularization,1024,18.63010148976366,-1.8692615032196045,0.6065494418144226,0.3700098076679515,1.1315884590148926,2.3096017837524414,1.558702796987409
hamd,1454602123,180,0.1973560730244191,0.29771211990410457,1.9918898160378122,6.888821433556433,0.3758581057190895,0.019102852791547775,0.019102852791547775,180,minibatch_vstat_with_diagonal_regularization,1024,18.937755822072425,-5.073117733001709,2.0124869346618652,1.0169934569563275,1.6815763711929321,4.463024139404297,2.7945530046465117
hamd,1454602123,300,0.10194737738036813,0.1657341479649283,0.5630361175631236,2.0202159482474715,0.2578318901360035,0.017369477078318596,0.017369477078318596,300,minibatch_vstat_with_diagonal_regularization,1024,19.180222714348847,-7.492530822753906,3.207609176635742,1.5502379706021945,2.0029618740081787,5.823401927947998,3.6679033612235448
hamd,1716666588,45,1.0132798657349942,1.4315694356530042,,,1.6935963034629822,0.026384688913822174,0.04354555904865265,45,minibatch_vstat_with_diagonal_regularization,1024,18.37738674287678,-0.2539171576499939,0.2584865689277649,0.09235034579236692,0.8311467170715332,1.1744507551193237,0.978686991609397
hamd,1716666588,90,0.5452144215505561,0.737127008317158,2.8167436273500406,10.060346014583573,0.9205591529607773,0.019490782171487808,0.019490782171487808,90,minibatch_vstat_with_diagonal_regularization,1024,18.533563386151886,-1.1374386548995972,0.8998158574104309,0.32926096099137236,1.09622323513031,2.099379301071167,1.5710297113479315
hamd,1716666588,180,0.21607485646901026,0.2470109100057612,2.2349763887590544,7.175922171192052,0.3648344725370407,0.017145272344350815,0.017145272344350815,180,minibatch_vstat_with_diagonal_regularization,1024,18.829710217130902,-2.9817802906036377,2.6157875061035156,1.0209552134990518,1.6692055463790894,4.026185035705566,2.7762979818755844
hamd,1716666588,300,0.1182836799228111,0.07012957118327638,0.6593694639726994,2.46213655640019,0.24248167872428894,0.015643807128071785,0.015643807128071785,300,minibatch_vstat_with_diagonal_regularization,1024,19.074187731655233,-4.265118598937988,4.198522567749023,1.6367490570822842,2.0678861141204834,5.719131946563721,3.634739464462025
hamd,1844672021,45,1.0905636313710159,1.5599069917556552,,,1.7845674455165863,0.031329549849033356,0.044528085738420486,45,minibatch_vstat_with_diagonal_regularization,1024,18.024763964316627,-0.10280987620353699,0.09986111521720886,0.038062489451837676,0.7996665239334106,1.135562777519226,0.9373989995645907
hamd,1844672021,90,0.5740984663190725,0.8032531533149382,4.725803107440073,10.586624775988895,0.9495106786489487,0.021891102194786072,0.02191518060863018,90,minibatch_vstat_with_diagonal_regularization,1024,18.177821788501326,-0.9708207845687866,0.3513553738594055,0.20538762629683904,1.139927864074707,2.1877622604370117,1.5384353364491976
hamd,1844672021,180,0.2201214034422917,0.2577735755370654,3.7321608683888847,6.927223794884711,0.39057235419750214,0.01901083067059517,0.01901083067059517,180,minibatch_vstat_with_diagonal_regularization,1024,18.52044660982476,-3.34879207611084,2.0730173587799072,0.9315244192014683,1.6922372579574585,4.095482349395752,2.7909637444154423
hamd,1844672021,300,0.13750374829988476,0.1546223302620962,0.8204923079902631,2.2130399961816845,0.2525278888642788,0.017341352999210358,0.017341352999210358,300,minibatch_vstat_with_diagonal_regularization,1024,18.798037380097462,-4.8349480628967285,4.086104869842529,1.6599736895745913,1.9458088874816895,5.808879852294922,3.699614864968495
hamd,1988249060,45,0.9621500458008749,1.349970286603823,,,1.6108642518520355,0.03441731631755829,0.043010544031858444,45,minibatch_vstat_with_diagonal_regularization,1024,17.878233865201274,-0.35834217071533203,0.1903546005487442,0.11031989736978483,0.8858827352523804,1.2850881814956665,1.0243508914332071
hamd,1988249060,90,0.5096792285179826,0.6975848072942992,3.017463491032786,10.184805174331007,0.8791950047016144,0.02359360083937645,0.02359360083937645,90,minibatch_vstat_with_diagonal_regularization,1024,18.03432093286792,-1.2507983446121216,0.8548027873039246,0.3878478972490984,1.1683311462402344,2.4332566261291504,1.6269397689820408
hamd,1988249060,180,0.1868320088077227,0.20825806700340926,1.8707663900171314,6.235362895233181,0.37818174064159393,0.020375918596982956,0.020375918596982956,180,minibatch_vstat_with_diagonal_regularization,1024,18.314038932152936,-3.1725192070007324,2.499183177947998,1.0666231364618468,1.6525098085403442,4.397185325622559,2.8498588827678994
hamd,1988249060,300,0.10735973815695546,0.0636685996045951,0.5426914622466126,1.8606481419046466,0.2560586780309677,0.017732687294483185,0.017732687294483185,300,minibatch_vstat_with_diagonal_regularization,1024,18.547241559770935,-4.629003524780273,3.9519314765930176,1.6004504243466533,2.1199419498443604,5.5578837394714355,3.702041844641411
nonlinear,1012918525,45,0.9490144706376021,1.2505419319771902,,,1.5423322916030884,0.06985875964164734,0.07210701704025269,45,minibatch_vstat_with_diagonal_regularization,1024,17.11403636182382,-0.3587912321090698,0.6068801879882812,0.3027319462194035,0.7627954483032227,1.0462433099746704,0.8586765389297959
nonlinear,1012918525,90,0.6042725850205323,0.7609114951986368,1.5483062285298117,5.8902452318257374,0.9888305068016052,0.042707446962594986,0.042707446962594986,90,minibatch_vstat_with_diagonal_regularization,1024,17.224668253454272,-0.9220642447471619,1.5694780349731445,0.7394080804887445,0.8907088041305542,1.7465085983276367,1.1448588540087017
nonlinear,1012918525,180,0.2860344975704817,0.3162833075256819,1.3717107410065728,4.112485175105698,0.48869311809539795,0.015396060422062874,0.015396060422062874,180,minibatch_vstat_with_diagonal_regularization,1024,17.493064780015356,-2.273303747177124,3.71700119972229,1.5452568706287637,1.0643558502197266,3.1843173503875732,1.6236516842094249
nonlinear,1012918525,300,0.15676953563552284,0.128009175565998,0.6555103281435891,2.648383792131052,0.2810909301042557,0.005353933200240135,0.005353933200240135,300,minibatch_vstat_with_diagonal_regularization,1024,18.035365546676143,-3.8489203453063965,6.492023944854736,2.23657567344765,0.990789532661438,7.7187018394470215,2.1637617770056568
nonlinear,1055953582,45,0.852355941120478,1.227649380160612,,,1.501083493232727,0.06392762809991837,0.06392762809991837,45,minibatch_vstat_with_diagonal_regularization,1024,17.040926109042303,-0.2603609561920166,0.8879847526550293,0.25198523942015105,0.8285930156707764,1.2094345092773438,0.8881042180311124
nonlinear,1055953582,90,0.553138709507767,0.786621247277446,2.1381496398215254,7.270092612049156,0.9990670084953308,0.026704657822847366,0.026704657822847366,90,minibatch_vstat_with_diagonal_regularization,1024,17.17286752072868,-0.6973586678504944,2.2701568603515625,0.7240187134616525,1.0101381540298462,2.085409164428711,1.1529752344504085
nonlinear,1055953582,180,0.26287472085365254,0.35135312306323585,1.5803263275606938,4.953748489832081,0.5000622570514679,0.014839548617601395,0.014839548617601395,180,minibatch_vstat_with_diagonal_regularization,1024,17.48821120411076,-2.293158769607544,5.115428924560547,1.5740105195814043,1.2067537307739258,3.9199697971343994,1.6253752804388628
nonlinear,1055953582,300,0.1380038399626159,0.12456414031156335,0.5462333361610046,3.598659350134515,0.3572055995464325,0.004603280685842037,0.004603280685842037,300,minibatch_vstat_with_diagonal_regularization,1024,18.01116585554775,-3.645268201828003,7.983847618103027,2.244161755278512,0.9641532897949219,9.48988151550293,2.376100892589162
nonlinear,1107891221,45,0.8345568168484299,1.1957428075292449,,,1.4009172320365906,0.0709429532289505,0.0709429532289505,45,minibatch_vstat_with_diagonal_regularization,1024,17.542323403730787,-0.05666406452655792,0.9599748253822327,0.5112556114427107,0.833502471446991,1.089697241783142,0.9205846329126159
nonlinear,1107891221,90,0.5315288045645375,0.7415890929369087,1.5541244760377178,6.636207831130358,0.9111481606960297,0.0349058099091053,0.0349058099091053,90,minibatch_vstat_with_diagonal_regularization,1024,17.644364262739824,-0.41360118985176086,2.147854804992676,0.9506835253110251,1.0340096950531006,1.5488648414611816,1.2054217442082427
nonlinear,1107891221,180,0.25554563141221587,0.32779003445683935,1.310093546696809,5.126508167453968,0.5203394591808319,0.013920608907938004,0.013920608907938004,180,minibatch_vstat_with_diagonal_regularization,1024,17.920066977551397,-1.549269199371338,5.07149076461792,1.6983008243686828,1.284551739692688,2.5049426555633545,1.6346056423355615
nonlinear,1107891221,300,0.14512678289700834,0.1531486533627505,0.6001924526707123,2.6529143423778985,0.3806694746017456,0.006793816573917866,0.006793816573917866,300,minibatch_vstat_with_diagonal_regularization,1024,18.370278331687736,-2.9928784370422363,7.324652671813965,2.3748979984447005,1.0446945428848267,4.22303581237793,2.0354037026815432
nonlinear,1359749121,45,0.8991466406585162,1.2631751898991215,,,1.5100041627883911,0.06483267992734909,0.06483267992734909,45,minibatch_vstat_with_diagonal_regularization,1024,17.262283872612137,-0.11830377578735352,0.8260008692741394,0.30577919605676585,0.8097968101501465,1.00068998336792,0.8775788075082711
nonlinear,1359749121,90,0.5940714566396452,0.8191471459236914,1.8732603829057628,8.238547312617353,1.0204375386238098,0.04203973338007927,0.04203973338007927,90,minibatch_vstat_with_diagonal_regularization,1024,17.369425438285653,-0.3874809145927429,1.956897497177124,0.7343637251458481,0.9745361804962158,1.3924297094345093,1.1329537440553576
nonlinear,1359749121,180,0.2939080171925256,0.37660587108349414,1.2670908928526565,6.223646937327618,0.5815074145793915,0.017818424850702286,0.017818424850702286,180,minibatch_vstat_with_diagonal_regularization,1024,17.620277183518592,-1.247817873954773,4.683083534240723,1.398033819274042,1.2159157991409302,2.202291488647461,1.577423290263317
nonlinear,1359749121,300,0.15200762153205385,0.12582614110781676,0.6516232009254459,2.4771024002959328,0.3931363373994827,0.00830384436994791,0.00830384436994791,300,minibatch_vstat_with_diagonal_regularization,1024,17.95861993100505,-2.6940269470214844,6.922083854675293,2.0543944835668295,1.082230567932129,3.6889641284942627,1.9712589541317553
nonlinear,1454602123,45,0.9324183014302556,1.2888093551238091,,,1.6156304478645325,0.08058979362249374,0.08058979362249374,45,minibatch_vstat_with_diagonal_regularization,1024,17.24643495363652,-0.10517783463001251,0.7306171655654907,0.3633945808758725,0.8035194277763367,1.0305118560791016,0.8623899247696127
nonlinear,1454602123,90,0.6059443520272432,0.8177153976057385,1.671140021790895,8.39729282069269,1.0759992599487305,0.04770845174789429,0.04770845174789429,90,minibatch_vstat_with_diagonal_regularization,1024,17.347595911677633,-0.3412802815437317,1.8265175819396973,0.7771198808040943,0.9858678579330444,1.511410117149353,1.1277389041463797
nonlinear,1454602123,180,0.3048512329726493,0.3871420298346895,1.3023334964762754,6.654028340737859,0.5826898515224457,0.01243431307375431,0.01243431307375431,180,minibatch_vstat_with_diagonal_regularization,1024,17.636839912037708,-1.5243529081344604,5.475615978240967,1.4291952796382401,1.1855148077011108,2.8047118186950684,1.5971642488283702
nonlinear,1454602123,300,0.16426027565555712,0.1898494190704293,0.7143573053141516,2.7563878716464694,0.3665827065706253,0.007258003577589989,0.007258003577589989,300,minibatch_vstat_with_diagonal_regularization,1024,17.99632830757537,-2.8627407550811768,8.891641616821289,2.1278141159396995,0.9824883341789246,5.468900680541992,2.0864268011655485
nonlinear,1716666588,45,0.7834236960358163,1.139279026160803,,,1.3053740859031677,0.06524081528186798,0.06524081528186798,45,minibatch_vstat_with_diagonal_regularization,1024,17.89110101791385,-0.09470672160387039,0.9996543526649475,0.363153287594405,0.9079171419143677,1.183843970298767,0.9797606232028352
nonlinear,1716666588,90,0.5140040063869495,0.7466614787136718,1.7834654446687312,7.664253217390252,0.8762836158275604,0.036617740988731384,0.036617740988731384,90,minibatch_vstat_with_diagonal_regularization,1024,17.984613934984445,-0.32728785276412964,2.3493618965148926,0.777764194262574,1.1053621768951416,1.6630514860153198,1.2558733199573053
nonlinear,1716666588,180,0.2615222746009328,0.3402909290480659,1.4034911867038646,5.887495014509257,0.5222849100828171,0.00965210236608982,0.00965210236608982,180,minibatch_vstat_with_diagonal_regularization,1024,18.30510256785222,-1.5325262546539307,5.1770339012146,1.5405618839674127,1.1702086925506592,2.9051201343536377,1.7102522334210217
nonlinear,1716666588,300,0.13873095154180143,0.16298765494453174,0.6594341832448855,4.342209174066007,0.29278187453746796,0.0017608307534828782,0.0017608307534828782,300,minibatch_vstat_with_diagonal_regularization,1024,19.019342917335567,-3.5737318992614746,7.720765590667725,2.2952167898366294,0.365348219871521,5.469158172607422,2.584690396655927
nonlinear,1844672021,45,0.8802213324232063,1.2366404489732852,,,1.5683992505073547,0.06745070964097977,0.07267684489488602,45,minibatch_vstat_with_diagonal_regularization,1024,17.40560670378,-0.26803335547447205,0.6248650550842285,0.2127077195063105,0.832223117351532,1.0953024625778198,0.9081835898265582
nonlinear,1844672021,90,0.5882394224314318,0.8044058250015217,2.439071922289068,6.676254902439413,1.0598939657211304,0.028676312416791916,0.028676312416791916,90,minibatch_vstat_with_diagonal_regularization,1024,17.517130510798044,-0.7890723347663879,1.932798981666565,0.6855393115330857,1.0333093404769897,1.5639382600784302,1.1770483501519702
nonlinear,1844672021,180,0.314521083489254,0.3745891788230753,1.6982646245474233,6.046916760650466,0.5719377100467682,0.016287008300423622,0.016287008300423622,180,minibatch_vstat_with_diagonal_regularization,1024,17.78479155524835,-2.012401580810547,4.9158501625061035,1.625535813553591,1.2462620735168457,2.6753125190734863,1.6228827429464037
nonlinear,1844672021,300,0.16938496037602518,0.14064615484127554,0.6316211875879783,3.2922833517765957,0.3569655865430832,0.007253488525748253,0.007253488525748253,300,minibatch_vstat_with_diagonal_regularization,1024,18.248693946763336,-3.3516602516174316,7.6784749031066895,2.401080653911978,0.7619731426239014,6.8109235763549805,2.1820237176103063
nonlinear,1988249060,45,0.8843312029509804,1.2319911345491827,,,1.5317915081977844,0.06099255010485649,0.06258906424045563,45,minibatch_vstat_with_diagonal_regularization,1024,17.085952739949704,-0.03928852826356888,0.688983678817749,0.3068051946442649,0.8438762426376343,1.1147762537002563,0.9126481145601498
nonlinear,1988249060,90,0.5681441960645769,0.779002873288387,2.483735283293601,8.722992640514917,1.0136995315551758,0.027183854952454567,0.027183854952454567,90,minibatch_vstat_with_diagonal_regularization,1024,17.21024735681031,-0.4744340479373932,1.9476076364517212,0.647361539865976,1.0330432653427124,1.707241415977478,1.196847853235109
nonlinear,1988249060,180,0.26009175339842106,0.33572895390757945,1.7578861887950676,5.899065273469613,0.5804450511932373,0.012514366768300533,0.012514366768300533,180,minibatch_vstat_with_diagonal_regularization,1024,17.520351010685577,-2.1707749366760254,5.564113616943359,1.4932582628365925,1.1874070167541504,3.018000841140747,1.6430823345899248
nonlinear,1988249060,300,0.0957756257066322,0.1351515922067889,0.5829278329756281,3.0466498157418522,0.3438238203525543,0.0038118448574095964,0.0038118448574095964,300,minibatch_vstat_with_diagonal_regularization,1024,18.197976602323596,-3.958252429962158,7.977313041687012,2.234559761938139,0.5243545770645142,5.1513447761535645,2.1499754813229286
