scenario,seed,candidate,D_h_rff_l2,D_q_rff_l2,po_var,ate_err,pehe
S1,500,kernel_kernel,0.05611597185698683,0.1931149158135869,14.277670774941958,0.2718277579453123,0.749031963232003
S1,500,kernel_sieve1,0.05611597185698683,0.038025936361363845,76.28171786003952,0.10275723537062649,0.5541062094614682
S1,500,sieve1_kernel,0.03210113509065709,0.1931149158135869,5.5766808906511605,0.09271974901717495,0.5232138341530875
S1,500,sieve1_sieve1,0.03210113509065709,0.038025936361363845,29.540114467509866,0.1097101288813565,0.5318095877556824
S1,500,sieve2_sieve2,0.03268989022051469,0.0758206517341611,376.98080796195603,0.7305068110360091,0.6905019747978208
S1,500,sieve3_sieve3,0.03312729125252003,0.04501327337354491,641.7019233981287,0.6712471774676723,0.6840137512385909
S1,501,kernel_kernel,0.05458289211320092,0.19228428737082312,16.00624864808724,0.25789979930983464,0.5495293724143908
S1,501,kernel_sieve1,0.05458289211320092,0.03798359382987918,81.44283002494046,0.04773709934053542,1.7050654648725851
S1,501,sieve1_kernel,0.03171968452454258,0.19228428737082312,6.246171934416902,0.05064109246173118,0.5006893893106297
S1,501,sieve1_sieve1,0.03171968452454258,0.03798359382987918,26.651190360006893,0.03969997969644905,0.5277643675042235
S1,501,sieve2_sieve2,0.03028500724728055,0.07327213125116261,246.61515034313018,0.4737329786650948,0.6480419275616681
S1,501,sieve3_sieve3,0.028434834724074664,0.050980703870198985,624.2851716688042,0.48863422997482897,2.265705156638139
S1,502,kernel_kernel,0.053356945538356404,0.20107791790669025,15.573661959050982,0.2895713995022478,0.6717662567372037
S1,502,kernel_sieve1,0.053356945538356404,0.04876107551204265,73.99533732018155,0.1474191609383483,0.7098812865729057
S1,502,sieve1_kernel,0.032776156108217935,0.20107791790669025,6.787798215911284,0.17099468612652713,0.6481655056926264
S1,502,sieve1_sieve1,0.032776156108217935,0.04876107551204265,30.390943970329825,0.1572952681364884,0.5082430572410628
S1,502,sieve2_sieve2,0.030201452270610916,0.0746455256805664,2492.322520952832,0.9652309418551793,0.7921375556340058
S1,502,sieve3_sieve3,0.03212009912842282,0.05346319342578402,538.9319390012663,0.41802746762368836,0.8635549828416385
S1,503,kernel_kernel,0.05612886897946016,0.20344609612765466,16.465674765190734,0.23833215610888633,0.5980433981838357
S1,503,kernel_sieve1,0.05612886897946016,0.03748607308164992,69.64111721773067,0.02366931048678853,0.5398676424875601
S1,503,sieve1_kernel,0.038075457255612205,0.20344609612765466,6.245503118544492,0.04322583782828691,0.5293419361249886
S1,503,sieve1_sieve1,0.038075457255612205,0.03748607308164992,28.028267301612168,0.06997478950404297,0.5101738367392814
S1,503,sieve2_sieve2,0.034049791012488645,0.07355708499336892,1083.591130023465,1.2053876197971374,0.8114533897378137
S1,503,sieve3_sieve3,0.02978067801967013,0.04274263269605922,1520.6884689499443,0.9590727270759861,0.68190592512958
S1,504,kernel_kernel,0.05589207888577791,0.20118521244693474,13.023028610532869,0.291165656731611,0.7364925272299273
S1,504,kernel_sieve1,0.05589207888577791,0.03505684633284844,62.662841976808465,0.12251386220133749,0.5767870384279876
S1,504,sieve1_kernel,0.034547738371106494,0.20118521244693474,6.200494793052619,0.15570658051497152,0.6417622687738389
S1,504,sieve1_sieve1,0.034547738371106494,0.03505684633284844,29.57597581559012,0.12985435467241288,0.522386731838262
S1,504,sieve2_sieve2,0.03012067241557259,0.0733659537860995,292.64251799972294,0.5110373761652013,0.5696506044185995
S1,504,sieve3_sieve3,0.032206191342835845,0.04538105283444738,1264.398451216789,0.41664327101979626,3.831374181480644
S1,505,kernel_kernel,0.0552800246105675,0.2062242489892394,16.54392338932364,0.21342461336707222,1.120641077871666
S1,505,kernel_sieve1,0.0552800246105675,0.04086436506101054,94.82744945800809,0.14272090706446575,1.3809882885074205
S1,505,sieve1_kernel,0.037313746749815545,0.2062242489892394,5.782495704500752,0.13918463820486873,0.8559241757662143
S1,505,sieve1_sieve1,0.037313746749815545,0.04086436506101054,31.927092329746134,0.10711979657901499,0.8671012463797216
S1,505,sieve2_sieve2,0.030340306835649367,0.07879490537251202,2261.872742903801,1.3948997919388983,2.9088123251446567
S1,505,sieve3_sieve3,0.04117477563935317,0.04830565576309743,337.8368294998226,0.6609655660981869,0.8386525501870338
S1,506,kernel_kernel,0.05754769920515635,0.19583671992246235,16.572693665660452,0.2800632552957497,1.0136839195647906
S1,506,kernel_sieve1,0.05754769920515635,0.03912814507994062,82.03730832797436,0.0804461446480718,0.5344971249413026
S1,506,sieve1_kernel,0.04183882998264101,0.19583671992246235,5.936606478682538,0.12748340147924164,0.6135831852314979
S1,506,sieve1_sieve1,0.04183882998264101,0.03912814507994062,34.23321496896916,0.10016562570324201,0.5355886013752101
S1,506,sieve2_sieve2,0.04443406630062375,0.07579002425820915,1327.8943163035585,0.44464221702867013,0.7780672934306041
S1,506,sieve3_sieve3,0.03520263063473615,0.04061140515366646,351.98215206803275,0.46867536735645915,0.8511566189418605
S1,507,kernel_kernel,0.057548753244163,0.1947196817268763,14.998830212077614,0.2051711798086645,0.5729836690334059
S1,507,kernel_sieve1,0.057548753244163,0.03593635554817625,84.22190635325686,0.14874005031075635,0.5794844809177311
S1,507,sieve1_kernel,0.03336505450608038,0.1947196817268763,5.846589475712676,0.14043381321730133,0.6577574611066674
S1,507,sieve1_sieve1,0.03336505450608038,0.03593635554817625,31.39558420232462,0.14768705358665826,0.627115005735872
S1,507,sieve2_sieve2,0.033518692828948794,0.0819067826863394,474.9498600955543,0.5823732011567996,0.9810311205625369
S1,507,sieve3_sieve3,0.029841992233988177,0.04993956711987049,444.88835933478,1.0335362587760752,0.8140095441295988
S1,508,kernel_kernel,0.051492405177902247,0.1903348945339188,16.49074050545206,0.28954872463515224,0.799088691507752
S1,508,kernel_sieve1,0.051492405177902247,0.04566854790537762,88.99303143974467,0.08731984034567457,0.5364387190483977
S1,508,sieve1_kernel,0.03373949892705797,0.1903348945339188,6.4194433865989415,0.05459100089469313,0.6088910793998995
S1,508,sieve1_sieve1,0.03373949892705797,0.04566854790537762,25.520995834312433,0.08583706303413384,0.4952158814767867
S1,508,sieve2_sieve2,0.03401165662409034,0.07721236384612502,282.01584255054416,0.356242688386687,0.6884561083797576
S1,508,sieve3_sieve3,0.03772710584026034,0.04698478032566189,529.7280961379435,0.7304360201853527,2.0100965538859543
S1,509,kernel_kernel,0.05929107413948056,0.19257021602168511,16.114579597604802,0.24845921794246895,0.9096012099915431
S1,509,kernel_sieve1,0.05929107413948056,0.03769508934515798,79.32420592068716,0.20064641815182402,0.5323367010032476
S1,509,sieve1_kernel,0.03136581404237105,0.19257021602168511,6.190461881811447,0.19634021435063162,0.6353682264409335
S1,509,sieve1_sieve1,0.03136581404237105,0.03769508934515798,30.01397756960361,0.15355392599105566,0.5308466246764283
S1,509,sieve2_sieve2,0.030784071401069674,0.07469593662579811,3604.253951780598,0.5012732759829248,0.667384976935025
S1,509,sieve3_sieve3,0.02846736323907137,0.04868176540731104,874.694878779255,0.6622170071325816,3.23230761389761
S1,510,kernel_kernel,0.0606094052788412,0.19768227561316024,16.59153037209623,0.2524874279037033,0.6191635573621564
S1,510,kernel_sieve1,0.0606094052788412,0.03370520793603243,105.17904035929561,0.08042691394865636,0.5778222043893719
S1,510,sieve1_kernel,0.04498470717870152,0.19768227561316024,5.848238792881799,0.07994554192170512,0.6280053013174789
S1,510,sieve1_sieve1,0.04498470717870152,0.03370520793603243,27.879040701948444,0.0334230539008799,0.4746452285234981
S1,510,sieve2_sieve2,0.038350457554247895,0.07619695545964418,349.259759884556,0.2840757075185548,0.8028842677003435
S1,510,sieve3_sieve3,0.03306408562998934,0.04463949731349245,542.5815898710996,0.8992276354840079,2.443458822847224
S1,511,kernel_kernel,0.054591987286123585,0.1906524873531276,15.284906199007194,0.2955553712625536,0.6807761804883697
S1,511,kernel_sieve1,0.054591987286123585,0.04131487616039126,72.33001949814063,0.19237474919601905,0.5271253162929121
S1,511,sieve1_kernel,0.03171201746757541,0.1906524873531276,5.765640843523361,0.19208576729625426,0.602662094154659
S1,511,sieve1_sieve1,0.03171201746757541,0.04131487616039126,25.64827096088298,0.18867823570667622,0.4910692094555648
S1,511,sieve2_sieve2,0.029591299651571285,0.07339006748100567,215.55752174891586,0.11534181635515918,4.132286790526348
S1,511,sieve3_sieve3,0.03182218880509565,0.04868306232375319,490.5511716478561,0.7120347530831374,1.8186138910243432
S1,512,kernel_kernel,0.05313828270335318,0.19324494093546107,14.33448709332743,0.2530819141391884,0.6543494140468856
S1,512,kernel_sieve1,0.05313828270335318,0.039970855158343144,82.40233876485577,0.07019122931963356,0.6010864990931424
S1,512,sieve1_kernel,0.028585234618794805,0.19324494093546107,5.9090688663015145,0.07274162118266946,0.4937255150659969
S1,512,sieve1_sieve1,0.028585234618794805,0.039970855158343144,28.309325140987593,0.03964406356187778,0.4925184085025258
S1,512,sieve2_sieve2,0.05030837195852495,0.07954725995759239,241.3918342607803,0.45457154525616783,2.494975591331947
S1,512,sieve3_sieve3,0.035536950052727716,0.045490260670705406,520.3329492258522,0.2150827371963739,1.1761450812700736
S1,513,kernel_kernel,0.06213061200468217,0.19110193430363398,14.649532846204297,0.2050652263390922,0.9247810056106841
S1,513,kernel_sieve1,0.06213061200468217,0.04724436692997481,81.56929950630075,0.09485326164927255,0.5940609395186057
S1,513,sieve1_kernel,0.03692347731092642,0.19110193430363398,5.751979297520738,0.10663433437190879,0.5968461497233795
S1,513,sieve1_sieve1,0.03692347731092642,0.04724436692997481,32.23816718003327,0.11404341437499739,0.5462387268151873
S1,513,sieve2_sieve2,0.025168927188728343,0.08118810119894221,250.1570049901068,0.4173252663675531,0.8899741947970419
S1,513,sieve3_sieve3,0.03573997650589442,0.050622149249666314,606.8319949562774,0.06140871799046544,0.6543242177395862
S1,514,kernel_kernel,0.051215420067212,0.1903123831404485,14.130091353149885,0.27105911999470106,1.079950348416086
S1,514,kernel_sieve1,0.051215420067212,0.04403779943460847,66.58268903599512,0.10320582137517431,0.5966810115864818
S1,514,sieve1_kernel,0.03048394716525017,0.1903123831404485,5.820790993758587,0.06634350363001634,0.7016377182314251
S1,514,sieve1_sieve1,0.03048394716525017,0.04403779943460847,28.176145897812358,0.09073095354022966,0.5548750249956317
S1,514,sieve2_sieve2,0.03100446582914485,0.07349982671740163,293.4533344843414,0.11803631748278547,0.6609515035296857
S1,514,sieve3_sieve3,0.029411356846160475,0.04825511064552015,370.81674222967433,0.3177727953359327,0.6872548713188215
S2,500,kernel_kernel,0.07920002640050204,0.19294990690930136,15.73798941995094,0.5627926531939059,0.7785240899581927
S2,500,kernel_sieve1,0.07920002640050204,0.0492129881099784,75.83944585577224,0.12699757280519372,0.472670170265537
S2,500,sieve1_kernel,0.030593009410126062,0.19294990690930136,6.049513559678023,0.15019125161373956,0.5140344411583939
S2,500,sieve1_sieve1,0.030593009410126062,0.0492129881099784,25.977994240682555,0.16364925281487339,0.44886189686893085
S2,500,sieve2_sieve2,0.030754514962629525,0.07051640788914122,628.4256344699342,0.7127259620423555,0.8408971769825545
S2,500,sieve3_sieve3,0.03594638854483765,0.048264782253081596,445.76313220955825,0.5216382128703072,1.775813228839658
S2,501,kernel_kernel,0.06918666973105782,0.19330262617458085,15.986891008666603,0.4003237627944807,0.7902989790525078
S2,501,kernel_sieve1,0.06918666973105782,0.037544025393145795,78.12489249702934,0.14800036034929462,0.8267036484352877
S2,501,sieve1_kernel,0.032551014413293916,0.19330262617458085,6.609366988594156,0.23170340423443214,0.5970556592743841
S2,501,sieve1_sieve1,0.032551014413293916,0.037544025393145795,30.060635773392963,0.2268928544207248,0.7357004493249547
S2,501,sieve2_sieve2,0.03614419574664756,0.07748491137137942,355.62336581786286,0.30792839994983706,0.8206233174422928
S2,501,sieve3_sieve3,0.042002432989122755,0.040042067652299514,503.3463007987401,0.2999103929249935,0.6369196134332886
S2,502,kernel_kernel,0.07136491477916714,0.19922076661860602,14.72981284431054,0.5589788288437821,1.1861696839951075
S2,502,kernel_sieve1,0.07136491477916714,0.03437458839713021,72.88226049559249,0.09351234767723808,0.5529180251660977
S2,502,sieve1_kernel,0.041076383189486664,0.19922076661860602,5.99925964311333,0.09044453807564505,0.4406011654083565
S2,502,sieve1_sieve1,0.041076383189486664,0.03437458839713021,29.678872241258706,0.09149211456003159,0.8176896285116511
S2,502,sieve2_sieve2,0.03353739877016721,0.07947088320558675,598.4057626306377,0.18252186115871824,0.7385009906709431
S2,502,sieve3_sieve3,0.03844128401979168,0.0433255051877105,414.64628342640907,0.6994576111265035,2.3113735696718676
S2,503,kernel_kernel,0.07294531424198258,0.20127229114191034,15.37321816066738,0.5998477026283252,1.1627755061089187
S2,503,kernel_sieve1,0.07294531424198258,0.03869188998112312,63.59729682375353,0.13562728263453727,0.6685449418109269
S2,503,sieve1_kernel,0.03302188391038716,0.20127229114191034,6.607507434313914,0.0692379787699946,0.41256749004878457
S2,503,sieve1_sieve1,0.03302188391038716,0.03869188998112312,29.727770932109596,0.05827736174561401,0.3785792393867769
S2,503,sieve2_sieve2,0.042920929019528514,0.07822296402875233,497.6866359278538,0.3945816675075788,0.7775305518755076
S2,503,sieve3_sieve3,0.031497844134085136,0.05041756760098404,851.5348456515981,0.45708111988852407,5.836426110476361
S2,504,kernel_kernel,0.06890535876797792,0.1990931593308656,12.989889934196228,0.522615485633628,0.750121111514213
S2,504,kernel_sieve1,0.06890535876797792,0.03408315164315914,55.97485384881527,0.16334864754357048,0.612413626692815
S2,504,sieve1_kernel,0.032411589674401935,0.1990931593308656,5.692809371038795,0.11561174782918104,0.44766597474832714
S2,504,sieve1_sieve1,0.032411589674401935,0.03408315164315914,25.261321903792886,0.1490554583127083,0.47580114371643983
S2,504,sieve2_sieve2,0.038776252590668435,0.07894107874804436,414.75516080398114,0.3193801563249134,0.512908295056388
S2,504,sieve3_sieve3,0.034836053090728535,0.05252456289591249,845.0136538287328,0.5261975736476573,0.8229536651649132
S2,505,kernel_kernel,0.07590079596439163,0.20512097499767157,14.063452738825445,0.6837880669319025,0.8389664345854497
S2,505,kernel_sieve1,0.07590079596439163,0.038554025930229434,73.46877935964918,0.10836539627790343,0.49787366832343455
S2,505,sieve1_kernel,0.03172562131327894,0.20512097499767157,5.551699613777657,0.05322723402225334,0.427899211370231
S2,505,sieve1_sieve1,0.03172562131327894,0.038554025930229434,26.76335976555988,0.08964372010255332,0.565323670250653
S2,505,sieve2_sieve2,0.04121999758229724,0.0731690190789593,281.19947274398766,0.9232880744864208,1.4240265466841986
S2,505,sieve3_sieve3,0.041548032979659096,0.0486608651208685,409.58165831547814,0.7615236025276267,0.9415156539563831
S2,506,kernel_kernel,0.0710732926602875,0.19361724708631592,16.375366068521412,0.5630822476195275,1.0538179126262295
S2,506,kernel_sieve1,0.0710732926602875,0.03403912199928643,73.33418213839136,0.11004970219859082,1.1477126196224792
S2,506,sieve1_kernel,0.03691297038906855,0.19361724708631592,6.315565256220868,0.10090085182942836,0.5852541370264945
S2,506,sieve1_sieve1,0.03691297038906855,0.03403912199928643,26.41824830176831,0.11407171098216633,0.9628811784323595
S2,506,sieve2_sieve2,0.03612957245520298,0.07532270581002584,1244.5449096270438,0.2917734906592393,1.0802050812086161
S2,506,sieve3_sieve3,0.040888216808898786,0.04227774726936214,553.2015145887881,0.526060528904074,0.8709168402331756
S2,507,kernel_kernel,0.07404234919680962,0.19438594315869898,15.97695890149279,0.5396646677990168,0.658520804431677
S2,507,kernel_sieve1,0.07404234919680962,0.04606923761508198,70.42502458114072,0.18982642705253147,0.4795017068143638
S2,507,sieve1_kernel,0.033490283272473546,0.19438594315869898,6.656703684597375,0.11204259178201077,0.43541897440632904
S2,507,sieve1_sieve1,0.033490283272473546,0.04606923761508198,26.65219141921748,0.09385227368262421,0.4334271864167792
S2,507,sieve2_sieve2,0.0365415002284769,0.07344601078235344,490.5343153752527,0.5356985611054067,0.6946407705480075
S2,507,sieve3_sieve3,0.033512476641203576,0.04501624341211579,322.8120889846599,0.30151043978526837,0.9304872098570895
S2,508,kernel_kernel,0.0740133152826634,0.1901467128875899,14.908023966979776,0.7201930603095792,1.0348909504509451
S2,508,kernel_sieve1,0.0740133152826634,0.03588700361345626,84.56532397508359,0.1374557700651853,0.4120456441232325
S2,508,sieve1_kernel,0.028846666030165596,0.1901467128875899,5.875058571310969,0.1271926132674274,0.390402543214523
S2,508,sieve1_sieve1,0.028846666030165596,0.03588700361345626,31.278670660147604,0.11612915544008336,0.36827107720703
S2,508,sieve2_sieve2,0.03199512755153194,0.0780114418005985,261.1416615211581,0.38628710485605183,0.750588569924393
S2,508,sieve3_sieve3,0.030802237154084894,0.052732195404282985,990.3444813232625,0.7245248829622181,0.6100587444154493
S2,509,kernel_kernel,0.06876319996181007,0.19255967375663477,15.976635552694288,0.556394468685299,1.1382816062236476
S2,509,kernel_sieve1,0.06876319996181007,0.04261056926638673,76.91426221055514,0.12380994557530185,0.9422857569518784
S2,509,sieve1_kernel,0.03248632138867084,0.19255967375663477,6.994377028896842,0.0797869333014198,0.6224358525409805
S2,509,sieve1_sieve1,0.03248632138867084,0.04261056926638673,33.20864343886075,0.0779646613037183,0.45497792672290954
S2,509,sieve2_sieve2,0.031699818598353476,0.07095973595376939,578.5901938144506,0.3762051497064091,2.5938367599931067
S2,509,sieve3_sieve3,0.03380080345289124,0.04614274703612072,468.0720634846222,0.5052436877906482,0.9068971981741529
S2,510,kernel_kernel,0.07086276624335389,0.19532263227809465,14.597599953428526,0.5951978356215276,1.0855238483289547
S2,510,kernel_sieve1,0.07086276624335389,0.029655988103433454,53.1593055469353,0.148275762282157,0.5547228100493644
S2,510,sieve1_kernel,0.02935549303301073,0.19532263227809465,6.4101923311482105,0.10831079144656834,0.5156211583419424
S2,510,sieve1_sieve1,0.02935549303301073,0.029655988103433454,23.479901689892856,0.06814484912302092,0.4907070250148765
S2,510,sieve2_sieve2,0.03925337604756728,0.0731839929121053,390.8720347458528,0.5020785525359502,0.6806187151355242
S2,510,sieve3_sieve3,0.03469870983522196,0.04928054470054442,810.5244535529184,0.5250538470281038,0.9590761876696244
S2,511,kernel_kernel,0.07117405515849627,0.18943687078894564,15.604505751020229,0.6266024521825383,1.6033521510332898
S2,511,kernel_sieve1,0.07117405515849627,0.035387829648620465,55.62743136257064,0.09302879135483873,0.4968212021091381
S2,511,sieve1_kernel,0.03285875050003978,0.18943687078894564,6.29644841148193,0.043179797657080354,0.4520562055994615
S2,511,sieve1_sieve1,0.03285875050003978,0.035387829648620465,27.91258643321611,0.023685126518549964,0.37429174964096446
S2,511,sieve2_sieve2,0.030870371605536406,0.07439263270399009,174.18260795710842,0.34763066575207374,0.7118424021301455
S2,511,sieve3_sieve3,0.036873941504832884,0.051419370593527226,796.8440602568858,0.36489285062777244,0.7883861873053934
S2,512,kernel_kernel,0.07378022537404509,0.1928789635620082,15.45398772073171,0.5900809176548966,1.2391150844707108
S2,512,kernel_sieve1,0.07378022537404509,0.039931616784883266,70.91728908965412,0.1987606080121089,0.41721601134342984
S2,512,sieve1_kernel,0.03685205207661875,0.1928789635620082,6.648297706858114,0.08439227585528856,0.3131445506842496
S2,512,sieve1_sieve1,0.03685205207661875,0.039931616784883266,27.77536624985316,0.07992728410368106,0.44337762581052004
S2,512,sieve2_sieve2,0.03415841414334187,0.07597587044076468,446.8400903037722,0.4287448746733286,0.7476260223350465
S2,512,sieve3_sieve3,0.02911599135791679,0.05193474113726706,1183.255862033932,0.5088690053389403,2.3325208719991597
S2,513,kernel_kernel,0.08020155930883571,0.18803088653088426,15.65495623856798,0.5933355402983495,0.8460722698584728
S2,513,kernel_sieve1,0.08020155930883571,0.042108850912993205,67.12608272159068,0.12470560627108403,0.5166321919534874
S2,513,sieve1_kernel,0.037509596116916684,0.18803088653088426,6.344433225512246,0.04459047940433044,0.4401980060659862
S2,513,sieve1_sieve1,0.037509596116916684,0.042108850912993205,23.798606483885756,0.060749741638772226,0.3954071479953618
S2,513,sieve2_sieve2,0.033563748524980126,0.07823228320408558,283.1807308570359,0.4582237373942726,1.0766418573913012
S2,513,sieve3_sieve3,0.03530549222857785,0.04306987423277823,396.19372275903265,0.506527830631346,0.8201251081382853
S2,514,kernel_kernel,0.06942664536318681,0.18794403295467274,14.16771775431565,0.5793307046781746,1.0191901081527148
S2,514,kernel_sieve1,0.06942664536318681,0.03744302220057361,60.73492987520809,0.2923585494828518,0.48925850170511304
S2,514,sieve1_kernel,0.031779895938672094,0.18794403295467274,5.5482600883321185,0.16319577740797606,0.6861084358567747
S2,514,sieve1_sieve1,0.031779895938672094,0.03744302220057361,24.467157849282156,0.1405002707772014,0.5441571452694614
S2,514,sieve2_sieve2,0.031019524812992038,0.07351046654716538,198.90461647940884,0.8731949403612616,1.3478253495261514
S2,514,sieve3_sieve3,0.031869902873508264,0.04562181899002646,1089.8117539992004,0.2539043432633944,0.6596758712179244
nonlinear,500,kernel_kernel,0.1739739352162454,0.08117021260939757,18.876806580356217,0.9037530041302624,0.8394542044632228
nonlinear,500,kernel_sieve1,0.1739739352162454,0.05141181721690735,33.98067478082366,0.3229318842416089,0.9327417597506142
nonlinear,500,sieve1_kernel,0.043267994971930616,0.08117021260939757,11.149710947584905,0.3057920808516714,0.38389345875858194
nonlinear,500,sieve1_sieve1,0.043267994971930616,0.05141181721690735,36.54741921241677,0.13194342998057174,0.9660567604932532
nonlinear,500,sieve2_sieve2,0.044668212642900634,0.053256110921456344,186.9330427796578,0.19861091710959777,1.2796569880762545
nonlinear,500,sieve3_sieve3,0.04284993356993333,0.08721857082666644,79811.23959514157,4.021709002471107,37.12468744611553
nonlinear,501,kernel_kernel,0.16628657365241997,0.07663403753307331,21.225715906743908,1.0345500643891103,1.4147949788675653
nonlinear,501,kernel_sieve1,0.16628657365241997,0.052649126089392984,42.37041584289804,0.28425267558449363,0.4944485061390684
nonlinear,501,sieve1_kernel,0.04578669344653091,0.07663403753307331,14.377963174661563,0.23537829847478742,0.5104123100651684
nonlinear,501,sieve1_sieve1,0.04578669344653091,0.052649126089392984,44.891849890665746,0.14126055928725245,0.7522765010459098
nonlinear,501,sieve2_sieve2,0.03335435500149822,0.06242530773604904,317474.98511080915,25.150854706851224,2.6439367525498056
nonlinear,501,sieve3_sieve3,0.04281023856215924,0.08631248676799293,100523.8134220259,3.403175208047174,2.246584663055133
nonlinear,502,kernel_kernel,0.17801924672366684,0.0806345097933026,18.321806199169924,0.8733187304897698,1.3497806790036158
nonlinear,502,kernel_sieve1,0.17801924672366684,0.046241071523068146,38.61251814041562,0.4052194475734847,1.0500569256441867
nonlinear,502,sieve1_kernel,0.0418086230082871,0.0806345097933026,14.751405227442715,0.205896151357436,0.4313441416953117
nonlinear,502,sieve1_sieve1,0.0418086230082871,0.046241071523068146,42.628849611438746,0.1410903716192804,0.8820161522662023
nonlinear,502,sieve2_sieve2,0.03563950823096824,0.049006556654369086,4891.417472956269,0.19515191646338614,2.6194307318887833
nonlinear,502,sieve3_sieve3,0.029280401387221457,0.08866409714456236,62382.146720278964,1.782570938467586,2.021805482559762
nonlinear,503,kernel_kernel,0.1680250116589426,0.07874239937894885,20.664436244660532,1.0338746683776732,1.4079190545672218
nonlinear,503,kernel_sieve1,0.1680250116589426,0.056740303354985,47.436248561574814,0.3132984273340731,1.357732390468186
nonlinear,503,sieve1_kernel,0.03993291999394722,0.07874239937894885,15.27044488467053,0.09728074613944138,0.44599269117467877
nonlinear,503,sieve1_sieve1,0.03993291999394722,0.056740303354985,68.00698541858938,0.03641009410760132,0.8906656579353825
nonlinear,503,sieve2_sieve2,0.02702448675889633,0.06495283802312317,4423.111285178701,2.943101849963349,2.7529588815247994
nonlinear,503,sieve3_sieve3,0.036611480931511196,0.09148729634937891,210516.92788778074,22.259443528504363,12.348944442668085
nonlinear,504,kernel_kernel,0.17976849839572207,0.08013273364251462,18.60885986312172,1.180181988044692,2.2020282530560893
nonlinear,504,kernel_sieve1,0.17976849839572207,0.05294008785776148,38.3813418916045,0.390164821591644,1.1782284709335804
nonlinear,504,sieve1_kernel,0.04359835542275281,0.08013273364251462,11.163074038355214,0.3122988592402334,0.6181487803354351
nonlinear,504,sieve1_sieve1,0.04359835542275281,0.05294008785776148,31.31673965407421,0.26800874479234027,1.00975881065508
nonlinear,504,sieve2_sieve2,0.034699737202718364,0.07086408056755757,6271.02084498359,1.4201022726276777,3.5437935955011564
nonlinear,504,sieve3_sieve3,0.03656620706326667,0.09452675865618636,215944.29985326427,0.09688323001298738,2.303552164207837
nonlinear,505,kernel_kernel,0.16763096336281036,0.08154220228927668,19.728905504473108,0.9103343952945226,0.8135950909496437
nonlinear,505,kernel_sieve1,0.16763096336281036,0.06388529495049516,50.581500340880154,0.3072172237501176,0.9234121900013067
nonlinear,505,sieve1_kernel,0.04439266168692235,0.08154220228927668,13.72731980118423,0.32835808974475533,0.4550629498738052
nonlinear,505,sieve1_sieve1,0.04439266168692235,0.06388529495049516,45.87003146480356,0.16020597679517845,0.5564159790396955
nonlinear,505,sieve2_sieve2,0.039359440283372266,0.055509994733093114,2207.906141796992,0.6518273948205988,2.556841430394921
nonlinear,505,sieve3_sieve3,0.03415738616075984,0.09777946533135128,53302.34315235747,2.085229991673507,5.231390891932521
nonlinear,506,kernel_kernel,0.1769190729810072,0.0797548354474734,20.850582674855445,1.0993173141375085,1.297190436951488
nonlinear,506,kernel_sieve1,0.1769190729810072,0.06325458176375064,67.92814466571883,0.4684204083268626,1.5947361851734194
nonlinear,506,sieve1_kernel,0.03272020053131012,0.0797548354474734,14.46077133310513,0.1822282025587061,0.4850367266597023
nonlinear,506,sieve1_sieve1,0.03272020053131012,0.06325458176375064,78.06714872422982,0.017489039353760116,0.8860174562110109
nonlinear,506,sieve2_sieve2,0.029353878498644615,0.05965068067607251,95100.31217949632,5.308829234479243,14.661744412485419
nonlinear,506,sieve3_sieve3,0.031267234512748196,0.07614954384657942,210343.87940917746,11.42414273725306,1.7982570631978532
nonlinear,507,kernel_kernel,0.16693876177314404,0.0799046447861889,17.990753979419125,0.7992388836632731,1.192517181516203
nonlinear,507,kernel_sieve1,0.16693876177314404,0.05036014482003989,33.1662656734592,0.28253116223580443,0.926521557900189
nonlinear,507,sieve1_kernel,0.044405956127042144,0.0799046447861889,12.719780970392767,0.23785473533729107,0.5629438414492417
nonlinear,507,sieve1_sieve1,0.044405956127042144,0.05036014482003989,33.55870909433695,0.15099340074269296,0.8640532990807372
nonlinear,507,sieve2_sieve2,0.03833377162760924,0.06565450795132598,11135.654642206839,7.841938212286426,8.293423108765113
nonlinear,507,sieve3_sieve3,0.038537710493738546,0.09060650174376066,93518.80814373083,7.920265371060278,20.892274491750587
nonlinear,508,kernel_kernel,0.1654799999973625,0.07547733634710613,20.229137232534264,0.7701992494117182,1.2337058449611082
nonlinear,508,kernel_sieve1,0.1654799999973625,0.05623646043450029,47.73758342637441,0.32635236081655083,1.2307016894578218
nonlinear,508,sieve1_kernel,0.0460876249424802,0.07547733634710613,18.272027629722192,0.18265377584683185,0.5350941722456724
nonlinear,508,sieve1_sieve1,0.0460876249424802,0.05623646043450029,107.00738637306827,0.19960985282434596,0.6094894525660329
nonlinear,508,sieve2_sieve2,0.028511223639476686,0.06802759899639772,6540.146741059996,2.552809485529245,2.4121879214201685
nonlinear,508,sieve3_sieve3,0.045317681119326915,0.09736303280335523,129711.10375898542,8.322360815086789,10.173699044615452
nonlinear,509,kernel_kernel,0.1665962789981221,0.08129545367121717,20.765839825183992,0.9291257964707045,1.363104231988307
nonlinear,509,kernel_sieve1,0.1665962789981221,0.05160756179613537,43.438805839849884,0.4785804268669165,0.8330738943931246
nonlinear,509,sieve1_kernel,0.04657943043334403,0.08129545367121717,15.143889959434029,0.47777005339968515,0.5372753755451929
nonlinear,509,sieve1_sieve1,0.04657943043334403,0.05160756179613537,38.22762653399212,0.3137279994771247,0.6819523235245957
nonlinear,509,sieve2_sieve2,0.03883397924532961,0.07736120892771155,6512.49479235384,1.4191387229104526,2.0621762650887603
nonlinear,509,sieve3_sieve3,0.03272581068501713,0.09107008229706137,28320.520921588857,5.083924727727682,2.5688149904711617
nonlinear,510,kernel_kernel,0.17048604094028072,0.07948839018005006,18.656145554535282,1.0179491276568946,1.052718294660897
nonlinear,510,kernel_sieve1,0.17048604094028072,0.05530651821171507,39.246859014266015,0.4481497955116267,1.4316656787353974
nonlinear,510,sieve1_kernel,0.02941669089580387,0.07948839018005006,12.901801734233855,0.24578428251835627,0.36254124698214835
nonlinear,510,sieve1_sieve1,0.02941669089580387,0.05530651821171507,41.349735467913995,0.2370671575255261,0.5563353501575463
nonlinear,510,sieve2_sieve2,0.03369561260268932,0.07044946718637632,1157.5754558870788,1.2646236086319376,3.4695253662660637
nonlinear,510,sieve3_sieve3,0.038503968832115515,0.09779233541290078,48062.48071253542,4.790832339848928,8.40731798401815
nonlinear,511,kernel_kernel,0.18432090261143305,0.08501542354961204,17.40752207043023,1.0175980222457301,1.4044359814988554
nonlinear,511,kernel_sieve1,0.18432090261143305,0.0782431720110846,56.17879767998944,0.48299246038187116,1.1294086158538055
nonlinear,511,sieve1_kernel,0.04955207117397609,0.08501542354961204,11.277049456987948,0.18335176083081572,0.5484320311095165
nonlinear,511,sieve1_sieve1,0.04955207117397609,0.0782431720110846,49.8179513168249,0.08054269416633675,0.5230349674790656
nonlinear,511,sieve2_sieve2,0.043889836746765644,0.06709117872097863,1402.2678559544722,1.9708769524319272,6.384209525172383
nonlinear,511,sieve3_sieve3,0.04099803656322553,0.08183749288703922,61514.25816405216,3.263694914592037,1.7721271317683236
nonlinear,512,kernel_kernel,0.17388458492018255,0.08005648502059814,18.39735683001026,0.9769279340596948,0.6677023860376745
nonlinear,512,kernel_sieve1,0.17388458492018255,0.0558510558218935,42.007561973260636,0.22142314440325217,0.6672662646284304
nonlinear,512,sieve1_kernel,0.03142544331494154,0.08005648502059814,11.457677471564777,0.17263082057715273,0.6275618202042684
nonlinear,512,sieve1_sieve1,0.03142544331494154,0.0558510558218935,43.64662114925941,0.04416833056585867,0.5846561280190038
nonlinear,512,sieve2_sieve2,0.03607657244482725,0.06450406755374218,35679.17864578377,9.793568626045436,1.7302074116581612
nonlinear,512,sieve3_sieve3,0.02983300009502891,0.08539366391792258,202848.42592928186,4.502301728578272,75.62283410188392
nonlinear,513,kernel_kernel,0.17955798325131825,0.07611961916098124,19.36046396141274,0.9623993159342685,1.5528035266992706
nonlinear,513,kernel_sieve1,0.17955798325131825,0.06358494529635879,54.058571018330966,0.28310590451238093,0.9842053203287283
nonlinear,513,sieve1_kernel,0.03832822120831601,0.07611961916098124,17.201409048442283,0.2183041370817298,0.7654238855095138
nonlinear,513,sieve1_sieve1,0.03832822120831601,0.06358494529635879,92.17825008473855,0.11597748923461904,1.013177422925248
nonlinear,513,sieve2_sieve2,0.03105129174523261,0.0627500320738764,3860.3559904421772,2.3607548412953396,1.8132055168176462
nonlinear,513,sieve3_sieve3,0.03183397941959848,0.09408000084827746,32837.75549724521,3.667059058600679,3.292281527199738
nonlinear,514,kernel_kernel,0.1778937011255891,0.08727760102610832,20.462714755166314,1.0178688505643603,1.5834092940602167
nonlinear,514,kernel_sieve1,0.1778937011255891,0.058267665943696624,53.44648307014817,0.34799652366651124,1.0074177693623325
nonlinear,514,sieve1_kernel,0.037186494133822044,0.08727760102610832,13.870098932255269,0.02532459910311302,0.32714727323197773
nonlinear,514,sieve1_sieve1,0.037186494133822044,0.058267665943696624,41.81495170924378,0.03405055151820058,0.764575399341676
nonlinear,514,sieve2_sieve2,0.03344028031762248,0.05152008822190208,2714.857550350034,0.608835547512043,1.7961833495014559
nonlinear,514,sieve3_sieve3,0.03118301242494409,0.09280707017435315,62964.22715648545,4.240664663381958,1.8976532756714721
hamd,500,kernel_kernel,0.053294403041975136,0.20159830712912807,17.119735181498456,0.32209119397354374,0.6162108501874183
hamd,500,kernel_sieve1,0.053294403041975136,0.03917787784346031,93.05428601159859,0.06808741663540714,0.5878195371191033
hamd,500,sieve1_kernel,0.036400616806261894,0.20159830712912807,6.308326219877861,0.06515290277791998,0.7617577119297465
hamd,500,sieve1_sieve1,0.036400616806261894,0.03917787784346031,33.003906222497015,0.0908602497566778,0.49475727025308647
hamd,500,sieve2_sieve2,0.03194187213517208,0.07411691339241537,524.1800846561518,0.7995164718308313,0.6941747845703006
hamd,500,sieve3_sieve3,0.04856279591009588,2.8841833461376307,1.981242030872457,0.32108996973530907,1.0639081376386132
hamd,501,kernel_kernel,0.04143133411761102,0.20566335370758923,16.023073550708364,0.26020982819471333,0.6349146622103565
hamd,501,kernel_sieve1,0.04143133411761102,0.04297342035101562,90.6852580724443,0.1027210522729638,0.5791229554937841
hamd,501,sieve1_kernel,0.03328634043465064,0.20566335370758923,6.348489222284559,0.19353321357954623,0.8674590691666725
hamd,501,sieve1_sieve1,0.03328634043465064,0.04297342035101562,37.21273239147069,0.15076502788752444,0.5597041812109854
hamd,501,sieve2_sieve2,0.030852818031774237,0.07179150469909176,467.31152035449685,0.4317185704412565,0.7514457190300018
hamd,501,sieve3_sieve3,0.04605214449780624,3.0044563311393193,1.9303572597846506,0.3421850657537883,1.0713089773307074
hamd,502,kernel_kernel,0.044058397342684665,0.20269888204651046,16.62819815643615,0.34354383244415976,0.8295509346759155
hamd,502,kernel_sieve1,0.044058397342684665,0.04319251101828684,117.09247517157593,0.18463961964625022,0.5919343844634535
hamd,502,sieve1_kernel,0.03867224703357177,0.20269888204651046,6.962675275294788,0.12245226237911173,0.5503411393493745
hamd,502,sieve1_sieve1,0.03867224703357177,0.04319251101828684,46.77145795441193,0.05832177621775084,0.5619452737878907
hamd,502,sieve2_sieve2,0.037576709058634895,0.06636364660270835,568.2326693853573,1.0776944475795946,0.8702534591543226
hamd,502,sieve3_sieve3,0.0411521232008406,3.150951016712081,1.8045071678860043,0.3313874544864704,0.9286434071787075
hamd,503,kernel_kernel,0.04244845913113379,0.1979980603897867,17.992495066238803,0.36441948089354653,0.7064246239521904
hamd,503,kernel_sieve1,0.04244845913113379,0.05130938863460124,105.0434169113056,0.2192972682578366,0.5661379187539421
hamd,503,sieve1_kernel,0.04319765675928063,0.1979980603897867,6.844078584253264,0.11370852714032163,0.8370883046389939
hamd,503,sieve1_sieve1,0.04319765675928063,0.05130938863460124,36.4093630552071,0.14415935801563007,0.5774582300886124
hamd,503,sieve2_sieve2,0.03432682852682969,0.08346313401552312,709.7791124004342,0.7456656275912378,0.770301386541103
hamd,503,sieve3_sieve3,0.04176505881761052,3.299552893661909,2.090897655091819,0.33231356556996877,0.9118291550960654
hamd,504,kernel_kernel,0.04223350594875692,0.20881312821721795,16.202904438684328,0.3142855101432363,0.6952168096805104
hamd,504,kernel_sieve1,0.04223350594875692,0.04348086773414195,101.43704738680961,0.0759903410102253,0.8191750586473431
hamd,504,sieve1_kernel,0.03608001902390214,0.20881312821721795,6.2286460689529255,0.04911196896701161,0.7208622665869746
hamd,504,sieve1_sieve1,0.03608001902390214,0.04348086773414195,33.03461600678374,0.122466402526944,0.5368056109431559
hamd,504,sieve2_sieve2,0.034331858186258814,0.07197629006875872,493.8311086097261,0.36666906916776915,0.7852202675549743
hamd,504,sieve3_sieve3,0.04350886313666295,2.9827143257372044,1.9699699097466215,0.37643692409882523,0.9974192352748482
hamd,505,kernel_kernel,0.04511299916926679,0.1897508747662029,18.67592191927174,0.37823598651070917,0.6844065837387672
hamd,505,kernel_sieve1,0.04511299916926679,0.049413465106558335,102.13871581720007,0.15317778419657171,0.5497577334040072
hamd,505,sieve1_kernel,0.034538709902456714,0.1897508747662029,6.507761101595297,0.1277330398221712,0.7876192051505229
hamd,505,sieve1_sieve1,0.034538709902456714,0.049413465106558335,41.02689745417054,0.2540983908292495,0.6641392597196409
hamd,505,sieve2_sieve2,0.029941260623374478,0.07653122369113265,352.10284888660516,0.689719056299729,2.02560690055749
hamd,505,sieve3_sieve3,0.03986696124011017,2.9897671323170907,2.265027307255622,0.31869342124673244,0.7815834706542394
hamd,506,kernel_kernel,0.04386122237267106,0.19482710638994175,16.901780725529512,0.25897282584895415,0.5996311988140004
hamd,506,kernel_sieve1,0.04386122237267106,0.043764940451942604,88.36509951242078,0.12347443819469396,0.5909346772407134
hamd,506,sieve1_kernel,0.0339529025978561,0.19482710638994175,6.209380437478326,0.10633897512481306,0.6526137684029851
hamd,506,sieve1_sieve1,0.0339529025978561,0.043764940451942604,29.76387717908512,0.08350256273478936,0.5501913464491144
hamd,506,sieve2_sieve2,0.03297075196162675,0.07306573772407915,563.3125203155276,0.3304122812669032,0.7214628178575491
hamd,506,sieve3_sieve3,0.04579877945011571,2.6144952454545574,2.0275665340738427,0.3282250186810764,1.0920990275785827
hamd,507,kernel_kernel,0.043357885648468215,0.19679008794824368,16.068015499127906,0.2632499116919894,0.6419695200950561
hamd,507,kernel_sieve1,0.043357885648468215,0.044141383480076346,79.9989949669196,0.09684962153121367,0.5866114064187788
hamd,507,sieve1_kernel,0.02942651235411019,0.19679008794824368,6.095720913778418,0.12711402520609924,0.7616614944618395
hamd,507,sieve1_sieve1,0.02942651235411019,0.044141383480076346,25.488783016026396,0.05093261723102774,0.5578695858238796
hamd,507,sieve2_sieve2,0.026009580385346176,0.06938225191559054,416.21050161497885,0.22346415638696396,0.6918017061166603
hamd,507,sieve3_sieve3,0.03448716991386472,2.8031510701947915,1.812598251781273,0.29746988591725565,1.0465697445720492
hamd,508,kernel_kernel,0.03982751989064903,0.1958618213631779,17.182667038549113,0.27741437657312024,0.780520102581983
hamd,508,kernel_sieve1,0.03982751989064903,0.043139835404865774,84.73189486709958,0.15321824653722643,1.1830040777225643
hamd,508,sieve1_kernel,0.03128904976908171,0.1958618213631779,6.171957343054484,0.12418608141822451,0.8076817029557963
hamd,508,sieve1_sieve1,0.03128904976908171,0.043139835404865774,29.625669946286525,0.06525642911260003,0.5250167250660838
hamd,508,sieve2_sieve2,0.032052195900000593,0.06855444211393931,698.2745859963403,0.7679113300652229,0.654571666185359
hamd,508,sieve3_sieve3,0.039038492573552304,2.9614910236580676,1.7640020458046246,0.3067490153662341,0.9043167511024066
hamd,509,kernel_kernel,0.04925421938449992,0.19974321753730753,15.578735258376145,0.30390421730740186,0.6208425112382508
hamd,509,kernel_sieve1,0.04925421938449992,0.04146350263576818,84.32507806114525,0.12537037016455158,0.6850205193723258
hamd,509,sieve1_kernel,0.03608707922618693,0.19974321753730753,6.593286224196548,0.10748670018618657,0.8683129360929808
hamd,509,sieve1_sieve1,0.03608707922618693,0.04146350263576818,36.19253094221253,0.10103618807465535,1.1875040363420126
hamd,509,sieve2_sieve2,0.038977334199351836,0.07263218439688333,569.9214871145379,0.22463187291508394,1.8074403044008687
hamd,509,sieve3_sieve3,0.048597581787399834,2.950153997843394,1.7811025664988949,0.3413018515555653,1.054468241962627
hamd,510,kernel_kernel,0.04072899854519978,0.19997853773199523,16.16246262877792,0.2335440256474445,0.6106119699695414
hamd,510,kernel_sieve1,0.04072899854519978,0.05360335460203936,91.18203405395292,0.1571811849177415,0.5681181902137206
hamd,510,sieve1_kernel,0.03249273538391005,0.19997853773199523,6.011768316007164,0.12948630812872597,0.8196761621657489
hamd,510,sieve1_sieve1,0.03249273538391005,0.05360335460203936,31.520245173531826,0.17423237727456733,0.5869146681538336
hamd,510,sieve2_sieve2,0.0333408624496885,0.07505619029959956,444.06500079675357,0.36436381116169425,0.6783674550925879
hamd,510,sieve3_sieve3,0.045999672028046945,2.873943672772316,1.8169823970476844,0.32509966091911874,1.0337811142632332
hamd,511,kernel_kernel,0.04791657787738606,0.19836559097162235,16.120473408812803,0.33396891975965826,0.5871871371279187
hamd,511,kernel_sieve1,0.04791657787738606,0.04297678407413771,94.35840546971977,0.0970168319523667,0.5937603673570169
hamd,511,sieve1_kernel,0.03529286821308001,0.19836559097162235,6.42753896476681,0.0795384466189087,0.6021791589507709
hamd,511,sieve1_sieve1,0.03529286821308001,0.04297678407413771,38.29217765623281,0.1013638614039961,0.5168289229135904
hamd,511,sieve2_sieve2,0.04047489593294042,0.07044696448673247,481.1043121700619,0.9352178103835325,0.7859381260078762
hamd,511,sieve3_sieve3,0.04049163655128979,2.9499158472134783,2.087656411594468,0.3131811965318979,0.9417153079916558
hamd,512,kernel_kernel,0.04668406274002057,0.1947113243137384,16.373672752047973,0.3299703506547236,0.7540950738495459
hamd,512,kernel_sieve1,0.04668406274002057,0.0373687891395007,86.24244095670402,0.1732185060385929,0.812538628492567
hamd,512,sieve1_kernel,0.036606074254812375,0.1947113243137384,6.807891626190452,0.137233934287986,0.8003796518593267
hamd,512,sieve1_sieve1,0.036606074254812375,0.0373687891395007,31.826068662782518,0.19647145870411728,0.5741223074052584
hamd,512,sieve2_sieve2,0.038016219800439226,0.061722031437087786,448.85538505203976,0.466322437328285,0.6383349647839974
hamd,512,sieve3_sieve3,0.04081207876533221,2.770946846539926,2.2112368567529668,0.28338163618492546,1.0484688326545013
hamd,513,kernel_kernel,0.04698930024063369,0.19296016818945572,17.830643653331457,0.3262058072035518,0.6292553615247584
hamd,513,kernel_sieve1,0.04698930024063369,0.04177382694703894,96.54832098855518,0.28391286163670465,0.5499772703821746
hamd,513,sieve1_kernel,0.03211354919056795,0.19296016818945572,6.594846451556408,0.16897813272907705,0.6073387366690916
hamd,513,sieve1_sieve1,0.03211354919056795,0.04177382694703894,36.34593792748265,0.16706733245177743,0.6152622253497612
hamd,513,sieve2_sieve2,0.03023454501493982,0.0727031276379659,432.0879458147708,0.5910798708326013,0.7554505576392818
hamd,513,sieve3_sieve3,0.044830007505756775,2.9443673089757874,1.6374035055786265,0.3274678230649058,1.0727385960465463
hamd,514,kernel_kernel,0.04041695816095623,0.19209273069260072,18.49482341562389,0.32069126299606654,0.6688873367169429
hamd,514,kernel_sieve1,0.04041695816095623,0.03804547721031943,96.27362413701769,0.07162568102422816,0.572145735113327
hamd,514,sieve1_kernel,0.029880094535711773,0.19209273069260072,6.014212558236675,0.15251723269558815,0.8494681470498567
hamd,514,sieve1_sieve1,0.029880094535711773,0.03804547721031943,27.49634046131725,0.20029941901324314,0.5294948527462948
hamd,514,sieve2_sieve2,0.02628212190160134,0.0672145560459061,469.7508629546277,0.6706686635604487,0.6450295280997965
hamd,514,sieve3_sieve3,0.041977008084705475,2.973493124540124,1.9643450148849655,0.29867301351590325,0.8679712567336391
