n,seed,x0,cover,tau_hat
2000,0,-1.0,0,1.3321115885748542
2000,0,-0.5,0,1.7829037590785073
2000,0,0.0,1,2.1335893020973358
2000,0,0.5,1,2.627602357656228
2000,0,1.0,1,3.1004783160308986
2000,1,-1.0,0,1.2689769529630612
2000,1,-0.5,0,1.6904779941155696
2000,1,0.0,0,2.231091977470012
2000,1,0.5,0,2.697504452660323
2000,1,1.0,1,3.106718776535567
2000,2,-1.0,1,1.1482591397979633
2000,2,-0.5,0,1.6988184229212024
2000,2,0.0,0,2.1689846206884322
2000,2,0.5,1,2.543096255911823
2000,2,1.0,1,3.012927172512798
2000,3,-1.0,0,1.2976139081570688
2000,3,-0.5,1,1.6825292879112073
2000,3,0.0,0,2.210381522567662
2000,3,0.5,1,2.6273693607460733
2000,3,1.0,1,3.0275533331022175
2000,4,-1.0,1,1.1918166028652057
2000,4,-0.5,0,1.6764934542632526
2000,4,0.0,1,2.133559874155275
2000,4,0.5,1,2.5200275910625027
2000,4,1.0,1,2.895780358930296
2000,5,-1.0,1,1.0165115233661706
2000,5,-0.5,1,1.6002418077244125
2000,5,0.0,0,2.1707980792659085
2000,5,0.5,1,2.657708333993865
2000,5,1.0,1,3.1982034318151027
4000,0,-1.0,1,1.1504281396438272
4000,0,-0.5,1,1.5734979997421705
4000,0,0.0,1,1.9382700877041128
4000,0,0.5,1,2.363730998357275
4000,0,1.0,1,2.873541318698543
4000,1,-1.0,1,1.1349298974833766
4000,1,-0.5,1,1.543426284194063
4000,1,0.0,1,2.02201225355449
4000,1,0.5,1,2.4669814833610215
4000,1,1.0,1,3.0140203456621055
4000,2,-1.0,0,1.2366769710290653
4000,2,-0.5,1,1.6309965592059368
4000,2,0.0,1,2.0322300601958907
4000,2,0.5,1,2.539592491006793
4000,2,1.0,1,3.0554908477541596
4000,3,-1.0,1,1.0685061454612823
4000,3,-0.5,1,1.4614781908984023
4000,3,0.0,0,1.674589746170784
4000,3,0.5,0,2.3353531689659737
4000,3,1.0,1,2.905350629972733
4000,4,-1.0,1,0.9200783492099229
4000,4,-0.5,1,1.4777577061494833
4000,4,0.0,1,2.123552349014762
4000,4,0.5,1,2.627014861389261
4000,4,1.0,1,2.961249866681466
4000,5,-1.0,1,1.1992628594863406
4000,5,-0.5,1,1.6248037475222257
4000,5,0.0,1,1.961228507907695
4000,5,0.5,1,2.562897713865267
4000,5,1.0,1,3.0082026519114313
8000,0,-1.0,1,1.0376181533628033
8000,0,-0.5,1,1.5705315489339244
8000,0,0.0,1,2.0960953902054156
8000,0,0.5,1,2.5034852117525266
8000,0,1.0,1,3.0927228981237174
8000,1,-1.0,1,1.0130618966936624
8000,1,-0.5,1,1.5149962140261808
8000,1,0.0,1,1.9849449617880377
8000,1,0.5,1,2.4973736767083294
8000,1,1.0,1,2.987898338957002
8000,2,-1.0,1,0.971369614745536
8000,2,-0.5,1,1.5470937098487418
8000,2,0.0,1,2.028434243326395
8000,2,0.5,1,2.570034805653078
8000,2,1.0,1,3.132802478224031
8000,3,-1.0,1,0.9175574345901599
8000,3,-0.5,1,1.4178832055185928
8000,3,0.0,0,1.8741439933607005
8000,3,0.5,1,2.408891127841061
8000,3,1.0,1,2.9866300167594773
8000,4,-1.0,1,0.9304811276725917
8000,4,-0.5,1,1.4955451200613001
8000,4,0.0,1,1.976984410512677
8000,4,0.5,1,2.589370596589377
8000,4,1.0,1,3.1306838645862416
8000,5,-1.0,1,0.9718244417567402
8000,5,-0.5,1,1.4536040175345628
8000,5,0.0,1,2.000732475900191
8000,5,0.5,1,2.3699578883534818
8000,5,1.0,1,3.0591399683905816
