selector,n,abstain_rate,median_norm_regret,mean_norm_regret,median_norm_error,norm_catastrophic_rate,median_abs_regret,median_abs_error,median_oracle_ratio,mean_oracle_ratio,p90_oracle_ratio,catastrophic_rate,top1_rate,median_pehe_ratio,pehe_catastrophic_rate,mean_ate_ci_coverage,mean_max_q,mean_ess,mean_q_balance
biasvar_mult,80.0,0.0,0.016330662440133925,0.0464034047807993,0.09344117635143406,0.0375,0.01893801598467034,0.08449693421343232,1.3791555330608658,2.6404183709875153,3.010186742670201,0.45,0.2625,1.0651843790545974,0.05,0.8833333333333332,9.885540661854497,597.3508751352401,0.025445523260809306
soft_screen[lam=1.0],80.0,0.0,0.016593468743033038,0.04029434628423477,0.105130359802191,0.0375,0.01622720532777025,0.07676797359610597,1.349947292553588,2.5980916574647592,3.219353494400146,0.4375,0.2875,1.0433218494390089,0.0125,0.8583333333333332,9.059986182383287,633.5086749275387,0.022566090811423377
varq_moment_combo,80.0,0.0,0.017211084300701684,0.04184476458078079,0.105130359802191,0.0375,0.021372027429212737,0.07567671784987938,1.3950763614981025,2.6549757207167666,3.699048062724584,0.4625,0.3,1.0480726710451482,0.0,0.8458333333333334,8.555768745659412,634.6965060234218,0.020150939720022014
rank_sum,80.0,0.0,0.018973003035633384,0.04319143833186828,0.10000934235999744,0.025,0.021879084982165273,0.08562549559557114,1.3538884090501013,3.933662777047181,4.551333759013126,0.45,0.275,1.0433218494390089,0.0125,0.8458333333333332,8.636626968134546,624.9626141836961,0.02022920925956968
mses_varcap[tau=3.0],80.0,0.0,0.02245681394276645,0.0678669552759289,0.1301248704057711,0.05,0.0264232355606136,0.09351639398892297,1.4162509223723756,3.1219241908817557,5.3117502656266105,0.4875,0.3,1.0286877991319598,0.025,0.7791666666666667,8.136741258030899,636.9028720923226,0.040924725854261455
q_and_moment_gated_variance,80.0,0.0,0.02245681394276645,0.053998409912760725,0.1301248704057711,0.025,0.0264232355606136,0.09351639398892297,1.4162509223723756,3.0217648727752993,4.551333759013126,0.4875,0.3,1.0286877991319598,0.0,0.7875,8.202356579899789,642.710227443862,0.018912155336177718
mses_varcap[tau=1.5],80.0,0.0,0.02245681394276645,0.0678669552759289,0.1301248704057711,0.05,0.0264232355606136,0.09351639398892297,1.4162509223723756,3.1219241908817557,5.3117502656266105,0.4875,0.3,1.0286877991319598,0.025,0.7791666666666667,8.136741258030899,636.9028720923226,0.040924725854261455
biasvar_add,80.0,0.0,0.02411731834829143,0.05581845143419438,0.09862887050159111,0.05,0.02835332762496823,0.08909066817038508,1.523344025939463,5.429793033107661,4.844959251509676,0.525,0.175,1.1277814927159069,0.1125,0.8875,14.054636421645569,525.6594831946041,0.04834209279081193
soft_screen[lam=0.5],80.0,0.0,0.028178546371592787,0.1387245449059947,0.12410342692644682,0.175,0.03265545897208649,0.0938972184892306,1.5384592146078295,3.7957153350929858,6.060604181227238,0.55,0.25,1.0552949534556433,0.175,0.7583333333333332,7.779478541265083,604.8452520133657,0.16056178405134752
fixed_sieve1,80.0,0.0,0.028435019317089152,0.06152645399304215,0.10026394791557983,0.0625,0.02463198969541473,0.09370555290129856,1.5197245371008818,6.686746261688759,6.442131392307307,0.5125,0.1875,1.1819561512805836,0.2125,0.9666666666666666,22.53932160420912,407.7450834669474,0.1092660458404521
product_moment,80.0,0.0,0.029063678183681996,0.05789342404884046,0.09862887050159111,0.05,0.031188085016206984,0.09084018046453904,1.538119016397547,5.553337591118572,5.220807350787686,0.55,0.15,1.1277814927159069,0.1375,0.9083333333333332,15.890342960306734,489.76057593845854,0.06032308596858542
MSES,80.0,0.0,0.060082880285053764,0.3387565915617329,0.18356836760895712,0.175,0.04145533213347596,0.11541039825198371,1.8664436668136206,152.96986337022608,42.77438621421103,0.6,0.2125,1.0608856495482248,0.2125,0.7791666666666667,15.85641138089276,548.9569609411694,0.10227165479316973
varq_combo,80.0,0.0,0.06166339442591883,0.07364894335089431,0.1521927161527331,0.025,0.04145533213347596,0.11541039825198371,1.7679920322840592,7.688435518799312,9.15272965279972,0.5625,0.2875,1.0072970923805515,0.0,0.6458333333333334,8.22788768608267,638.3521976936572,0.01872558514575619
min_q_balance,80.0,0.0,0.06495066130868438,0.0804299352839976,0.1521927161527331,0.0375,0.04387678832731416,0.12033778601449543,1.9471631785015067,7.7253458534188795,9.15272965279972,0.5875,0.275,1.0072970923805515,0.0,0.6541666666666667,8.24749929372767,633.3598621460139,0.01870485422492259
q_gated_variance,80.0,0.0,0.06495066130868438,0.07523039043506982,0.1527550251088119,0.025,0.04204580923320232,0.11723232834753783,1.8493063832085412,7.728163902250001,9.15272965279972,0.575,0.275,1.0072970923805515,0.0,0.6333333333333334,8.202356579899789,642.710227443862,0.018912155336177718
fixed_kernel,80.0,0.0,0.06787995470591543,0.08336798967434736,0.15665537261782903,0.0375,0.04983225436708969,0.12334514408967032,1.993185711474812,7.78562988378998,9.15272965279972,0.6125,0.2625,1.0072970923805515,0.0,0.6291666666666667,8.202356579899789,642.710227443862,0.018912155336177718
var_tiebreak[tol=0.15],80.0,0.0,0.07194211393336596,0.18010595675957136,0.14527074276627852,0.2125,0.06440841000812425,0.1318634336751433,2.2560476081431577,8.609761563625801,9.15272965279972,0.6375,0.225,1.0582871482493235,0.2,0.5833333333333333,7.657288367684785,596.1749275608339,0.1935842962342357
complexity_var[gamma=0.5],80.0,0.0,0.08756730531611864,0.18078045927354083,0.15665537261782903,0.2,0.08028605916850096,0.14985165819944485,2.5118117819236305,8.698617382864706,9.15272965279972,0.6625,0.2375,1.038760682168701,0.2,0.5666666666666667,7.657288367684785,596.1749275608339,0.1935842962342357
min_ci_width,80.0,0.0,0.08756730531611864,0.18078045927354083,0.15665537261782903,0.2,0.08028605916850096,0.14985165819944485,2.5118117819236305,8.698617382864706,9.15272965279972,0.6625,0.2375,1.038760682168701,0.2,0.5666666666666667,7.657288367684785,596.1749275608339,0.1935842962342357
complexity_var[gamma=0.25],80.0,0.0,0.08756730531611864,0.18078045927354083,0.15665537261782903,0.2,0.08028605916850096,0.14985165819944485,2.5118117819236305,8.698617382864706,9.15272965279972,0.6625,0.2375,1.038760682168701,0.2,0.5666666666666667,7.657288367684785,596.1749275608339,0.1935842962342357
variance_only,80.0,0.0,0.08756730531611864,0.18078045927354083,0.15665537261782903,0.2,0.08028605916850096,0.14985165819944485,2.5118117819236305,8.698617382864706,9.15272965279972,0.6625,0.2375,1.038760682168701,0.2,0.5666666666666667,7.657288367684785,596.1749275608339,0.1935842962342357
var_tiebreak[tol=0.05],80.0,0.0,0.08756730531611864,0.18078045927354083,0.15665537261782903,0.2,0.08028605916850096,0.14985165819944485,2.5118117819236305,8.698617382864706,9.15272965279972,0.6625,0.2375,1.038760682168701,0.2,0.5666666666666667,7.657288367684785,596.1749275608339,0.1935842962342357
