scenario,selector,n,abstain_rate,median_oracle_ratio,mean_oracle_ratio,p90_oracle_ratio,median_regret,mean_regret,p90_regret,catastrophic_rate,top1_rate,median_pehe_ratio,pehe_catastrophic_rate,mean_ate_ci_coverage,mean_max_q,mean_ess,mean_q_balance
S1,MSES,16.0,0.0,1.0460544521141508,1.292113639963346,1.9253401884121584,0.005144531308870369,0.013762943344709084,0.03924124478748644,0.25,0.4375,1.0157299600228797,0.0,0.8125,11.287485480308533,474.3026985836173,0.016001571919769052
S1,complexity_var[gamma=0.25],16.0,0.0,1.0460544521141508,1.292113639963346,1.9253401884121584,0.005144531308870369,0.013762943344709084,0.03924124478748644,0.25,0.4375,1.0157299600228797,0.0,0.8125,11.287485480308533,474.3026985836173,0.016001571919769052
S1,complexity_var[gamma=0.5],16.0,0.0,1.0460544521141508,1.292113639963346,1.9253401884121584,0.005144531308870369,0.013762943344709084,0.03924124478748644,0.25,0.4375,1.0157299600228797,0.0,0.8125,11.287485480308533,474.3026985836173,0.016001571919769052
S1,fixed_kernel,16.0,0.0,1.0460544521141508,1.292113639963346,1.9253401884121584,0.005144531308870369,0.013762943344709084,0.03924124478748644,0.25,0.4375,1.0157299600228797,0.0,0.8125,11.287485480308533,474.3026985836173,0.016001571919769052
S1,min_ci_width,16.0,0.0,1.0460544521141508,1.292113639963346,1.9253401884121584,0.005144531308870369,0.013762943344709084,0.03924124478748644,0.25,0.4375,1.0157299600228797,0.0,0.8125,11.287485480308533,474.3026985836173,0.016001571919769052
S1,min_q_balance,16.0,0.0,1.0460544521141508,1.292113639963346,1.9253401884121584,0.005144531308870369,0.013762943344709084,0.03924124478748644,0.25,0.4375,1.0157299600228797,0.0,0.8125,11.287485480308533,474.3026985836173,0.016001571919769052
S1,mses_varcap[tau=1.5],16.0,0.0,1.0460544521141508,1.292113639963346,1.9253401884121584,0.005144531308870369,0.013762943344709084,0.03924124478748644,0.25,0.4375,1.0157299600228797,0.0,0.8125,11.287485480308533,474.3026985836173,0.016001571919769052
S1,mses_varcap[tau=3.0],16.0,0.0,1.0460544521141508,1.292113639963346,1.9253401884121584,0.005144531308870369,0.013762943344709084,0.03924124478748644,0.25,0.4375,1.0157299600228797,0.0,0.8125,11.287485480308533,474.3026985836173,0.016001571919769052
S1,q_and_moment_gated_variance,16.0,0.0,1.0460544521141508,1.292113639963346,1.9253401884121584,0.005144531308870369,0.013762943344709084,0.03924124478748644,0.25,0.4375,1.0157299600228797,0.0,0.8125,11.287485480308533,474.3026985836173,0.016001571919769052
S1,q_gated_variance,16.0,0.0,1.0460544521141508,1.292113639963346,1.9253401884121584,0.005144531308870369,0.013762943344709084,0.03924124478748644,0.25,0.4375,1.0157299600228797,0.0,0.8125,11.287485480308533,474.3026985836173,0.016001571919769052
S1,var_tiebreak[tol=0.05],16.0,0.0,1.0460544521141508,1.292113639963346,1.9253401884121584,0.005144531308870369,0.013762943344709084,0.03924124478748644,0.25,0.4375,1.0157299600228797,0.0,0.8125,11.287485480308533,474.3026985836173,0.016001571919769052
S1,variance_only,16.0,0.0,1.0460544521141508,1.292113639963346,1.9253401884121584,0.005144531308870369,0.013762943344709084,0.03924124478748644,0.25,0.4375,1.0157299600228797,0.0,0.8125,11.287485480308533,474.3026985836173,0.016001571919769052
S1,varq_combo,16.0,0.0,1.0460544521141508,1.292113639963346,1.9253401884121584,0.005144531308870369,0.013762943344709084,0.03924124478748644,0.25,0.4375,1.0157299600228797,0.0,0.8125,11.287485480308533,474.3026985836173,0.016001571919769052
S1,soft_screen[lam=0.5],16.0,0.0,1.1317735330157754,1.3090267322508782,1.8441335430193608,0.006565044701908359,0.02076331621458941,0.041944886888755514,0.25,0.375,1.0349589262499168,0.0,0.7916666666666666,11.287485480308533,474.3026985836173,0.016001571919769052
S1,var_tiebreak[tol=0.15],16.0,0.0,1.1317735330157754,1.315841866061433,1.8441335430193608,0.006565044701908359,0.021495297244115887,0.04780073512496734,0.25,0.375,1.0388741855431616,0.0,0.8125,11.287485480308533,474.3026985836173,0.016001571919769052
S1,varq_moment_combo,16.0,0.0,1.2023515422365652,1.336234304550734,1.8441335430193608,0.010374456154928803,0.022075985131482363,0.04780073512496734,0.3125,0.375,1.0388741855431616,0.0,0.8125,12.064873455314714,465.64130611595033,0.019357506125367747
S1,rank_sum,16.0,0.0,1.212122126043544,1.3306095473742445,1.9253401884121584,0.010540111145100301,0.016862806513143487,0.03924124478748644,0.25,0.3125,1.0019631756332363,0.0,0.8333333333333333,11.97664737737744,464.98963527778665,0.02016860890850051
S1,soft_screen[lam=1.0],16.0,0.0,1.371080784225394,1.3746433760396486,1.8441335430193608,0.014770567218522703,0.02346327870607419,0.041944886888755514,0.375,0.3125,1.0388741855431616,0.0625,0.8125,13.32141303924214,455.65729194339565,0.023965532089077493
S1,biasvar_add,16.0,0.0,1.5178827252166582,1.6979506173442434,2.661383415839994,0.035139362226661974,0.04692542059487676,0.0980080745365475,0.5,0.125,1.1001905643252834,0.0625,0.9166666666666666,25.686742718221225,323.5036691347789,0.08423685120622833
S1,biasvar_mult,16.0,0.0,1.5178827252166582,1.5777448372822978,2.3195033356582018,0.030864494275983152,0.0372450699501973,0.07820793416444248,0.5,0.25,1.0997247330932516,0.0,0.8541666666666666,14.589655928979143,439.4517351506021,0.03127358285445056
S1,fixed_sieve1,16.0,0.0,1.5178827252166582,1.6979506173442434,2.661383415839994,0.035139362226661974,0.04692542059487676,0.0980080745365475,0.5,0.125,1.1001905643252834,0.0625,0.9166666666666666,25.686742718221225,323.5036691347789,0.08423685120622833
S1,product_moment,16.0,0.0,1.5178827252166582,1.6979506173442434,2.661383415839994,0.035139362226661974,0.04692542059487676,0.0980080745365475,0.5,0.125,1.1001905643252834,0.0625,0.9166666666666666,25.686742718221225,323.5036691347789,0.08423685120622833
S2,biasvar_mult,16.0,0.0,1.2560417962426937,1.5731866061785358,2.6654183941778604,0.01248764572532415,0.026566050754284434,0.07534217898875506,0.4375,0.25,1.0615733639647629,0.0625,0.9166666666666666,14.799919468983592,431.0397418777512,0.03198877670082877
S2,biasvar_add,16.0,0.0,1.2793327684237843,1.555046486810455,2.3570880851339298,0.015323564814622964,0.025605151744107504,0.06007370451927316,0.375,0.1875,1.1451647505300717,0.0625,1.0,23.622837859429275,327.89817006029404,0.07461496316615523
S2,fixed_sieve1,16.0,0.0,1.2793327684237843,1.555046486810455,2.3570880851339298,0.015323564814622964,0.025605151744107504,0.06007370451927316,0.375,0.1875,1.1451647505300717,0.0625,1.0,23.622837859429275,327.89817006029404,0.07461496316615523
S2,product_moment,16.0,0.0,1.2793327684237843,1.555046486810455,2.3570880851339298,0.015323564814622964,0.025605151744107504,0.06007370451927316,0.375,0.1875,1.1451647505300717,0.0625,1.0,23.622837859429275,327.89817006029404,0.07461496316615523
S2,soft_screen[lam=1.0],16.0,0.0,1.4260037500227272,1.836129007698581,3.4211566495532297,0.02596621128801092,0.032374871685947416,0.07302141391290287,0.5,0.25,1.0501076536292144,0.0,0.8958333333333333,12.674629179222407,448.62055928799987,0.027543625703441273
S2,var_tiebreak[tol=0.15],16.0,0.0,1.6891473128044172,2.196040447274958,3.8015979396445494,0.03690278640075358,0.04520488030380532,0.092254059856384,0.625,0.1875,1.0621977165839502,0.0,0.8125,10.420408725738525,475.98291522939496,0.01723790849652141
S2,varq_moment_combo,16.0,0.0,1.6891473128044172,2.219919283567607,3.8015979396445494,0.03841943170917099,0.04439197432040466,0.08028605916850096,0.6875,0.125,1.0612155973890802,0.0,0.8333333333333333,11.282426048616056,466.3658493458846,0.021008747162251824
S2,rank_sum,16.0,0.0,2.0183051219508785,2.457722568235634,4.433401722189054,0.055715626324739365,0.05725197308989566,0.10750728281624011,0.6875,0.25,1.0383270228738546,0.0,0.75,11.552289386216342,466.337828757981,0.02013972063004933
S2,soft_screen[lam=0.5],16.0,0.0,2.3154290624045295,2.4632894649018544,3.849789481363932,0.05777022413052045,0.05845021158979563,0.10750728281624011,0.6875,0.125,1.0612155973890802,0.0625,0.75,10.420408725738525,475.98291522939496,0.01723790849652141
S2,MSES,16.0,0.0,2.3757782607860216,2.6640477695675617,4.6991064943648855,0.06279299860106037,0.0652408039548904,0.11936233350236777,0.75,0.1875,1.0202056064936014,0.0,0.7291666666666666,10.420408725738525,475.98291522939496,0.01723790849652141
S2,complexity_var[gamma=0.25],16.0,0.0,2.3757782607860216,2.6640477695675617,4.6991064943648855,0.06279299860106037,0.0652408039548904,0.11936233350236777,0.75,0.1875,1.0202056064936014,0.0,0.7291666666666666,10.420408725738525,475.98291522939496,0.01723790849652141
S2,complexity_var[gamma=0.5],16.0,0.0,2.3757782607860216,2.6640477695675617,4.6991064943648855,0.06279299860106037,0.0652408039548904,0.11936233350236777,0.75,0.1875,1.0202056064936014,0.0,0.7291666666666666,10.420408725738525,475.98291522939496,0.01723790849652141
S2,fixed_kernel,16.0,0.0,2.3757782607860216,2.6640477695675617,4.6991064943648855,0.06279299860106037,0.0652408039548904,0.11936233350236777,0.75,0.1875,1.0202056064936014,0.0,0.7291666666666666,10.420408725738525,475.98291522939496,0.01723790849652141
S2,min_ci_width,16.0,0.0,2.3757782607860216,2.6640477695675617,4.6991064943648855,0.06279299860106037,0.0652408039548904,0.11936233350236777,0.75,0.1875,1.0202056064936014,0.0,0.7291666666666666,10.420408725738525,475.98291522939496,0.01723790849652141
S2,min_q_balance,16.0,0.0,2.3757782607860216,2.6640477695675617,4.6991064943648855,0.06279299860106037,0.0652408039548904,0.11936233350236777,0.75,0.1875,1.0202056064936014,0.0,0.7291666666666666,10.420408725738525,475.98291522939496,0.01723790849652141
S2,mses_varcap[tau=1.5],16.0,0.0,2.3757782607860216,2.6640477695675617,4.6991064943648855,0.06279299860106037,0.0652408039548904,0.11936233350236777,0.75,0.1875,1.0202056064936014,0.0,0.7291666666666666,10.420408725738525,475.98291522939496,0.01723790849652141
S2,mses_varcap[tau=3.0],16.0,0.0,2.3757782607860216,2.6640477695675617,4.6991064943648855,0.06279299860106037,0.0652408039548904,0.11936233350236777,0.75,0.1875,1.0202056064936014,0.0,0.7291666666666666,10.420408725738525,475.98291522939496,0.01723790849652141
S2,q_and_moment_gated_variance,16.0,0.0,2.3757782607860216,2.6640477695675617,4.6991064943648855,0.06279299860106037,0.0652408039548904,0.11936233350236777,0.75,0.1875,1.0202056064936014,0.0,0.7291666666666666,10.420408725738525,475.98291522939496,0.01723790849652141
S2,q_gated_variance,16.0,0.0,2.3757782607860216,2.6640477695675617,4.6991064943648855,0.06279299860106037,0.0652408039548904,0.11936233350236777,0.75,0.1875,1.0202056064936014,0.0,0.7291666666666666,10.420408725738525,475.98291522939496,0.01723790849652141
S2,var_tiebreak[tol=0.05],16.0,0.0,2.3757782607860216,2.6640477695675617,4.6991064943648855,0.06279299860106037,0.0652408039548904,0.11936233350236777,0.75,0.1875,1.0202056064936014,0.0,0.7291666666666666,10.420408725738525,475.98291522939496,0.01723790849652141
S2,variance_only,16.0,0.0,2.3757782607860216,2.6640477695675617,4.6991064943648855,0.06279299860106037,0.0652408039548904,0.11936233350236777,0.75,0.1875,1.0202056064936014,0.0,0.7291666666666666,10.420408725738525,475.98291522939496,0.01723790849652141
S2,varq_combo,16.0,0.0,2.3757782607860216,2.6640477695675617,4.6991064943648855,0.06279299860106037,0.0652408039548904,0.11936233350236777,0.75,0.1875,1.0202056064936014,0.0,0.7291666666666666,10.420408725738525,475.98291522939496,0.01723790849652141
exact,rank_sum,16.0,0.0,1.5138349675711746,2.367253317768653,5.383327900439076,0.027907454902628692,0.03819980267763745,0.08319220906878588,0.5625,0.125,1.1474493957503962,0.0,0.875,4.102288809176577,889.8440201778278,0.009271957587386154
exact,soft_screen[lam=0.5],16.0,0.0,1.5138349675711746,2.3357823067782943,5.383327900439076,0.024153701113202253,0.03609702390618921,0.08319220906878588,0.5625,0.1875,1.055724681531317,0.0,0.8125,3.751979425549507,959.623936701413,0.009755537092685704
exact,soft_screen[lam=1.0],16.0,0.0,1.5138349675711746,2.3357823067782943,5.383327900439076,0.024153701113202253,0.03609702390618921,0.08319220906878588,0.5625,0.1875,1.055724681531317,0.0,0.8125,3.751979425549507,959.623936701413,0.009755537092685704
exact,varq_moment_combo,16.0,0.0,1.5138349675711746,2.3270335183497464,5.383327900439076,0.024153701113202253,0.03540050697050423,0.08319220906878588,0.5625,0.25,1.055724681531317,0.0,0.8125,3.879634956463921,937.8337879503893,0.00882268614057808
exact,MSES,16.0,0.0,1.5249236408469136,2.573847638743099,5.795328075459284,0.028141789630870107,0.04735833181482971,0.12042375520683724,0.5625,0.1875,1.0581771589239741,0.0,0.75,3.751979425549507,959.623936701413,0.009755537092685704
exact,mses_varcap[tau=1.5],16.0,0.0,1.5249236408469136,2.573847638743099,5.795328075459284,0.028141789630870107,0.04735833181482971,0.12042375520683724,0.5625,0.1875,1.0581771589239741,0.0,0.75,3.751979425549507,959.623936701413,0.009755537092685704
exact,mses_varcap[tau=3.0],16.0,0.0,1.5249236408469136,2.573847638743099,5.795328075459284,0.028141789630870107,0.04735833181482971,0.12042375520683724,0.5625,0.1875,1.0581771589239741,0.0,0.75,3.751979425549507,959.623936701413,0.009755537092685704
exact,q_and_moment_gated_variance,16.0,0.0,1.5249236408469136,2.573847638743099,5.795328075459284,0.028141789630870107,0.04735833181482971,0.12042375520683724,0.5625,0.1875,1.0581771589239741,0.0,0.75,3.751979425549507,959.623936701413,0.009755537092685704
exact,biasvar_add,16.0,0.0,1.5324699782170121,2.145202909616512,4.790872382900362,0.02489007664182452,0.03377811068062381,0.08319220906878588,0.5625,0.1875,1.21864824904717,0.3125,0.9375,5.411692262674973,673.253990073063,0.031292890409763685
exact,fixed_sieve1,16.0,0.0,1.5337193063211574,2.1239441880091294,4.764114859653974,0.028226259908046614,0.030589564664553967,0.06882611058141874,0.5625,0.125,1.4533849162903107,0.4375,1.0,6.406361611356938,534.3451906378484,0.05832060538525145
exact,product_moment,16.0,0.0,1.5337193063211574,2.211783985214528,5.350817806452905,0.028226259908046614,0.03181986119035837,0.07866848278785399,0.5625,0.125,1.4533849162903107,0.4375,1.0,6.176652809000489,564.1820885680011,0.05249582425671775
exact,biasvar_mult,16.0,0.0,1.5946070360585138,2.4062770582331376,5.383327900439076,0.032087236506333716,0.04040990328916241,0.08319220906878588,0.625,0.0625,1.178578368980491,0.125,0.875,4.486218643407383,812.6213119429623,0.012399497576854778
exact,complexity_var[gamma=0.25],16.0,0.0,5.408267747755831,26.079414525677755,36.50598043341709,0.25139626536277726,0.23302753436176796,0.31082781976637475,0.9375,0.0625,0.9999999999982074,0.0,0.0,3.751979425549507,959.623936701413,0.009755537092685704
exact,complexity_var[gamma=0.5],16.0,0.0,5.408267747755831,26.079414525677755,36.50598043341709,0.25139626536277726,0.23302753436176796,0.31082781976637475,0.9375,0.0625,0.9999999999982074,0.0,0.0,3.751979425549507,959.623936701413,0.009755537092685704
exact,fixed_kernel,16.0,0.0,5.408267747755831,26.079414525677755,36.50598043341709,0.25139626536277726,0.23302753436176796,0.31082781976637475,0.9375,0.0625,0.9999999999982074,0.0,0.0,3.751979425549507,959.623936701413,0.009755537092685704
exact,min_ci_width,16.0,0.0,5.408267747755831,26.079414525677755,36.50598043341709,0.25139626536277726,0.23302753436176796,0.31082781976637475,0.9375,0.0625,0.9999999999982074,0.0,0.0,3.751979425549507,959.623936701413,0.009755537092685704
exact,min_q_balance,16.0,0.0,5.408267747755831,25.77799437382226,36.50598043341709,0.2458348740629368,0.20364699045827053,0.31082781976637475,0.8125,0.125,0.9999999999982074,0.0,0.125,3.977692994688915,912.8721102121727,0.008719031536410068
exact,q_gated_variance,16.0,0.0,5.408267747755831,26.079414525677755,36.50598043341709,0.25139626536277726,0.23302753436176796,0.31082781976637475,0.9375,0.0625,0.9999999999982074,0.0,0.0,3.751979425549507,959.623936701413,0.009755537092685704
exact,var_tiebreak[tol=0.05],16.0,0.0,5.408267747755831,26.079414525677755,36.50598043341709,0.25139626536277726,0.23302753436176796,0.31082781976637475,0.9375,0.0625,0.9999999999982074,0.0,0.0,3.751979425549507,959.623936701413,0.009755537092685704
exact,var_tiebreak[tol=0.15],16.0,0.0,5.408267747755831,26.079414525677755,36.50598043341709,0.25139626536277726,0.23302753436176796,0.31082781976637475,0.9375,0.0625,0.9999999999982074,0.0,0.0,3.751979425549507,959.623936701413,0.009755537092685704
exact,variance_only,16.0,0.0,5.408267747755831,26.079414525677755,36.50598043341709,0.25139626536277726,0.23302753436176796,0.31082781976637475,0.9375,0.0625,0.9999999999982074,0.0,0.0,3.751979425549507,959.623936701413,0.009755537092685704
exact,varq_combo,16.0,0.0,5.408267747755831,25.88077260842431,36.50598043341709,0.2458348740629368,0.2172130635200128,0.31082781976637475,0.875,0.125,0.9999999999982074,0.0,0.0625,3.879634956463921,937.8337879503893,0.00882268614057808
hamd,biasvar_add,16.0,0.0,1.141227451569938,1.630048842103748,2.3269262852706785,0.0070656636015366085,0.02553311746572247,0.07758318835429626,0.3125,0.25,1.0693993027169753,0.0,0.8958333333333333,6.689155012369156,465.28040510247007,0.03153893605847281
hamd,biasvar_mult,16.0,0.0,1.141227451569938,1.630048842103748,2.3269262852706785,0.0070656636015366085,0.02553311746572247,0.07758318835429626,0.3125,0.25,1.0693993027169753,0.0,0.8958333333333333,6.689155012369156,465.28040510247007,0.03153893605847281
hamd,rank_sum,16.0,0.0,1.141227451569938,1.630048842103748,2.3269262852706785,0.0070656636015366085,0.02553311746572247,0.07758318835429626,0.3125,0.25,1.0693993027169753,0.0,0.8958333333333333,6.689155012369156,465.28040510247007,0.03153893605847281
hamd,soft_screen[lam=1.0],16.0,0.0,1.141227451569938,1.630048842103748,2.3269262852706785,0.0070656636015366085,0.02553311746572247,0.07758318835429626,0.3125,0.25,1.0693993027169753,0.0,0.8958333333333333,6.689155012369156,465.28040510247007,0.03153893605847281
hamd,varq_moment_combo,16.0,0.0,1.141227451569938,1.630048842103748,2.3269262852706785,0.0070656636015366085,0.02553311746572247,0.07758318835429626,0.3125,0.25,1.0693993027169753,0.0,0.8958333333333333,6.689155012369156,465.28040510247007,0.03153893605847281
hamd,product_moment,16.0,0.0,1.2889532650406086,1.6908742833015589,2.3269262852706785,0.018897641264357376,0.02914105707334305,0.07678992637112968,0.375,0.25,1.062812275606144,0.0,0.9375,15.102727159349461,394.8577703268042,0.07024096810038617
hamd,fixed_sieve1,16.0,0.0,1.292806894326341,2.162020664688967,2.6136312107833937,0.016240617301635694,0.03630929483903756,0.10334822047719572,0.375,0.25,1.038846061827029,0.0,0.9791666666666666,25.703430886346503,301.6077093305633,0.13076094802113963
hamd,MSES,16.0,0.0,1.5264921536947282,3.393906101059669,6.116388784813147,0.04391979828230281,0.0710812301240622,0.18974101899815737,0.5,0.1875,1.0466851747504577,0.125,0.7291666666666666,6.361078403024713,436.243628344773,0.1416017886488915
hamd,mses_varcap[tau=1.5],16.0,0.0,1.5264921536947282,3.393906101059669,6.116388784813147,0.04391979828230281,0.0710812301240622,0.18974101899815737,0.5,0.1875,1.0466851747504577,0.125,0.7291666666666666,6.361078403024713,436.243628344773,0.1416017886488915
hamd,mses_varcap[tau=3.0],16.0,0.0,1.5264921536947282,3.393906101059669,6.116388784813147,0.04391979828230281,0.0710812301240622,0.18974101899815737,0.5,0.1875,1.0466851747504577,0.125,0.7291666666666666,6.361078403024713,436.243628344773,0.1416017886488915
hamd,q_and_moment_gated_variance,16.0,0.0,1.5264921536947282,2.8931095105273865,2.828570518068138,0.0363738890369599,0.04491802763013402,0.09468864283703143,0.5,0.1875,1.029963112586584,0.0,0.7708333333333333,6.689155012369156,465.28040510247007,0.03153893605847281
hamd,q_gated_variance,16.0,0.0,1.8263092011885087,2.9503396867900973,2.828570518068138,0.05276412191148936,0.05030335270875245,0.09692603407962416,0.5625,0.1875,1.0286877991319598,0.0,0.75,6.689155012369156,465.28040510247007,0.03153893605847281
hamd,varq_combo,16.0,0.0,1.8263092011885087,2.9503396867900973,2.828570518068138,0.05276412191148936,0.05030335270875245,0.09692603407962416,0.5625,0.1875,1.0286877991319598,0.0,0.75,6.689155012369156,465.28040510247007,0.03153893605847281
hamd,fixed_kernel,16.0,0.0,2.0377366818337315,3.2376695944899874,3.370544530167215,0.07876012596008236,0.06565504613703979,0.10204727659516133,0.75,0.125,1.0286877991319598,0.0,0.7291666666666666,6.689155012369156,465.28040510247007,0.03153893605847281
hamd,min_q_balance,16.0,0.0,2.0377366818337315,3.2376695944899874,3.370544530167215,0.07876012596008236,0.06565504613703979,0.10204727659516133,0.75,0.125,1.0286877991319598,0.0,0.7291666666666666,6.689155012369156,465.28040510247007,0.03153893605847281
hamd,soft_screen[lam=0.5],16.0,0.0,4.420457342667784,7.0566234168303765,7.988761231271248,0.24358686941766822,0.2025507166781168,0.2912773413761474,0.8125,0.125,1.7787907254713704,0.8125,0.5625,4.574764819195631,275.9555279499885,0.7397870796343218
hamd,complexity_var[gamma=0.25],16.0,0.0,5.040204402816416,7.802607089863621,7.988761231271248,0.24956877818945172,0.24942501629742192,0.2912773413761474,1.0,0.0,1.8169887428316192,1.0,0.41666666666666663,3.963813951294138,232.60390568733,0.9048996405487628
hamd,complexity_var[gamma=0.5],16.0,0.0,5.040204402816416,7.802607089863621,7.988761231271248,0.24956877818945172,0.24942501629742192,0.2912773413761474,1.0,0.0,1.8169887428316192,1.0,0.41666666666666663,3.963813951294138,232.60390568733,0.9048996405487628
hamd,min_ci_width,16.0,0.0,5.040204402816416,7.802607089863621,7.988761231271248,0.24956877818945172,0.24942501629742192,0.2912773413761474,1.0,0.0,1.8169887428316192,1.0,0.41666666666666663,3.963813951294138,232.60390568733,0.9048996405487628
hamd,var_tiebreak[tol=0.05],16.0,0.0,5.040204402816416,7.802607089863621,7.988761231271248,0.24956877818945172,0.24942501629742192,0.2912773413761474,1.0,0.0,1.8169887428316192,1.0,0.41666666666666663,3.963813951294138,232.60390568733,0.9048996405487628
hamd,var_tiebreak[tol=0.15],16.0,0.0,5.040204402816416,7.802607089863621,7.988761231271248,0.24956877818945172,0.24942501629742192,0.2912773413761474,1.0,0.0,1.8169887428316192,1.0,0.41666666666666663,3.963813951294138,232.60390568733,0.9048996405487628
hamd,variance_only,16.0,0.0,5.040204402816416,7.802607089863621,7.988761231271248,0.24956877818945172,0.24942501629742192,0.2912773413761474,1.0,0.0,1.8169887428316192,1.0,0.41666666666666663,3.963813951294138,232.60390568733,0.9048996405487628
nonlinear,biasvar_mult,16.0,0.0,1.157023763342415,6.014834511139858,5.952722447922073,0.001038226891923566,0.03433506658599533,0.11080202531925132,0.375,0.5,1.0011964418361075,0.0625,0.875,8.862754255533218,838.3611816024146,0.020026823113439597
nonlinear,complexity_var[gamma=0.25],16.0,0.0,1.157023763342415,5.654903889251247,5.706307121331214,0.001038226891923566,0.031479321720151554,0.09542585350636557,0.375,0.5,1.0011964418361075,0.0,0.875,8.862754255533218,838.3611816024146,0.020026823113439597
nonlinear,complexity_var[gamma=0.5],16.0,0.0,1.157023763342415,5.654903889251247,5.706307121331214,0.001038226891923566,0.031479321720151554,0.09542585350636557,0.375,0.5,1.0011964418361075,0.0,0.875,8.862754255533218,838.3611816024146,0.020026823113439597
nonlinear,fixed_kernel,16.0,0.0,1.157023763342415,5.654903889251247,5.706307121331214,0.001038226891923566,0.031479321720151554,0.09542585350636557,0.375,0.5,1.0011964418361075,0.0,0.875,8.862754255533218,838.3611816024146,0.020026823113439597
nonlinear,min_ci_width,16.0,0.0,1.157023763342415,5.654903889251247,5.706307121331214,0.001038226891923566,0.031479321720151554,0.09542585350636557,0.375,0.5,1.0011964418361075,0.0,0.875,8.862754255533218,838.3611816024146,0.020026823113439597
nonlinear,min_q_balance,16.0,0.0,1.157023763342415,5.654903889251247,5.706307121331214,0.001038226891923566,0.031479321720151554,0.09542585350636557,0.375,0.5,1.0011964418361075,0.0,0.875,8.862754255533218,838.3611816024146,0.020026823113439597
nonlinear,q_and_moment_gated_variance,16.0,0.0,1.157023763342415,5.685705805075104,5.952722447922073,0.001038226891923566,0.03340134319676227,0.11080202531925132,0.375,0.5,0.9999999999985227,0.0,0.875,8.862754255533218,838.3611816024146,0.020026823113439597
nonlinear,q_gated_variance,16.0,0.0,1.157023763342415,5.654903889251247,5.706307121331214,0.001038226891923566,0.031479321720151554,0.09542585350636557,0.375,0.5,1.0011964418361075,0.0,0.875,8.862754255533218,838.3611816024146,0.020026823113439597
nonlinear,var_tiebreak[tol=0.05],16.0,0.0,1.157023763342415,5.654903889251247,5.706307121331214,0.001038226891923566,0.031479321720151554,0.09542585350636557,0.375,0.5,1.0011964418361075,0.0,0.875,8.862754255533218,838.3611816024146,0.020026823113439597
nonlinear,var_tiebreak[tol=0.15],16.0,0.0,1.157023763342415,5.654903889251247,5.706307121331214,0.001038226891923566,0.031479321720151554,0.09542585350636557,0.375,0.5,1.0011964418361075,0.0,0.875,8.862754255533218,838.3611816024146,0.020026823113439597
nonlinear,variance_only,16.0,0.0,1.157023763342415,5.654903889251247,5.706307121331214,0.001038226891923566,0.031479321720151554,0.09542585350636557,0.375,0.5,1.0011964418361075,0.0,0.875,8.862754255533218,838.3611816024146,0.020026823113439597
nonlinear,varq_combo,16.0,0.0,1.157023763342415,5.654903889251247,5.706307121331214,0.001038226891923566,0.031479321720151554,0.09542585350636557,0.375,0.5,1.0011964418361075,0.0,0.875,8.862754255533218,838.3611816024146,0.020026823113439597
nonlinear,varq_moment_combo,16.0,0.0,1.1753234312360032,5.761642655011997,5.719839141381638,0.0038317490612505,0.03204318309227515,0.09371188313772638,0.4375,0.5,0.9999999999985227,0.0,0.875,8.862754255533218,838.3611816024146,0.020026823113439597
nonlinear,rank_sum,16.0,0.0,1.3323471945890928,11.882679609753625,38.09959363749225,0.004869975953174066,0.039509883691901254,0.11080202531925132,0.4375,0.4375,0.9999999999985769,0.0625,0.875,8.862754255533218,838.3611816024146,0.020026823113439597
nonlinear,soft_screen[lam=0.5],16.0,0.0,1.3323471945890928,5.813854754703527,5.980512175541303,0.004869975953174066,0.0359829916997412,0.11080202531925132,0.4375,0.4375,0.9999999999985227,0.0,0.875,8.862754255533218,838.3611816024146,0.020026823113439597
nonlinear,soft_screen[lam=1.0],16.0,0.0,1.3323471945890928,5.813854754703527,5.980512175541303,0.004869975953174066,0.0359829916997412,0.11080202531925132,0.4375,0.4375,0.9999999999985227,0.0,0.875,8.862754255533218,838.3611816024146,0.020026823113439597
nonlinear,biasvar_add,16.0,0.0,3.575374688491814,20.120716309663344,81.08703384729668,0.0866123465466121,0.0886971560392038,0.16750249318457255,0.875,0.125,1.0547916528011752,0.125,0.6875,8.862754255533218,838.3611816024146,0.020026823113439597
nonlinear,product_moment,16.0,0.0,3.877691332325198,20.61103258292207,81.08703384729668,0.0866123465466121,0.0922920958190459,0.16750249318457255,0.9375,0.0625,1.022661371233701,0.125,0.6875,8.862754255533218,838.3611816024146,0.020026823113439597
nonlinear,fixed_sieve1,16.0,0.0,4.123862809524023,25.894769351591,105.81093199811075,0.11625581853972966,0.09166622305261836,0.15947489624799815,0.75,0.25,1.557556309952572,0.5,0.9375,31.277234945691674,551.3706781712522,0.19839686142348575
nonlinear,MSES,16.0,0.0,44.061351691080084,754.9254017017968,377.1875438993586,1.5072822024340455,2.7640820890821267,7.9887897393971,0.9375,0.0625,12.422218708171055,0.9375,0.875,47.46110486984253,398.6316258466487,0.326761467807981
nonlinear,mses_varcap[tau=1.5],16.0,0.0,44.061351691080084,754.9254017017968,377.1875438993586,1.5072822024340455,2.7640820890821267,7.9887897393971,0.9375,0.0625,12.422218708171055,0.9375,0.875,47.46110486984253,398.6316258466487,0.326761467807981
nonlinear,mses_varcap[tau=3.0],16.0,0.0,44.061351691080084,754.9254017017968,377.1875438993586,1.5072822024340455,2.7640820890821267,7.9887897393971,0.9375,0.0625,12.422218708171055,0.9375,0.875,47.46110486984253,398.6316258466487,0.326761467807981
