scenario,seed,budget,D_total_rff_l2,D_total_mmr,h_prediction_change,q_prediction_change,optimizer_best_resid
S1,220000,45,0.3758833103749999,0.5618110837030542,,,0.6395010948181152
S1,220000,90,0.26390332956517354,0.40318956523343674,3.227133375273119,6.7265343839180165,0.4712330177426338
S1,220000,180,0.13616995020475942,0.1928915530974444,2.015368540896343,5.666486240522874,0.2766607441008091
S1,220000,300,0.09561743045818305,0.08527068181606348,0.6376756416482554,2.154718292379309,0.2296368107199669
S1,220001,45,0.39083898252921945,0.5289403081533899,,,0.6913682520389557
S1,220001,90,0.2772885763316232,0.36459132524902765,3.1555715514771427,6.970427982493475,0.514047384262085
S1,220001,180,0.163371678782643,0.17761935458201197,1.906958105947895,5.4096859314337395,0.3580887094140053
S1,220001,300,0.12087347298519235,0.0929984116997154,1.3110974250665182,3.5152263832278927,0.2769909128546715
S1,220002,45,0.39692822033852593,0.5651556649507556,,,0.683078721165657
S1,220002,90,0.2768823821120008,0.38986612353238953,3.3385176361223654,7.204944296346506,0.500567115843296
S1,220002,180,0.15200450397431986,0.22736010053028638,2.2010330647878966,4.9422196871467,0.3100636973977089
S1,220002,300,0.11994935684181629,0.15897986559332378,0.8669619970785447,2.2780310405324613,0.24802986532449722
S1,220003,45,0.3779613587854174,0.49853479770333037,,,0.671788826584816
S1,220003,90,0.2671010001128503,0.338976057369524,3.8240304140338344,8.566382128425042,0.500422015786171
S1,220003,180,0.1436147409664802,0.15281302573712963,2.0609534570981354,6.247089395939825,0.342117041349411
S1,220003,300,0.10790007972407889,0.14273424276097912,0.6753842257011435,1.9938852285278335,0.30518245697021484
S1,220004,45,0.37939011583492743,0.4808559038507125,,,0.6735848635435104
S1,220004,90,0.2717415662353544,0.32780337583742003,3.0997445784208586,7.0891765855110895,0.5070958137512207
S1,220004,180,0.15221781181013774,0.14564976774628927,1.9012922418160636,4.97018936086346,0.36107414960861206
S1,220004,300,0.10615118730855891,0.12087492672995936,0.6228604579006334,2.855455592042376,0.2591712474822998
S1,220005,45,0.39623861340842614,0.5235207788194055,,,0.7157902270555496
S1,220005,90,0.2815904918937348,0.3585867539067008,2.7535215253329755,7.847954130426598,0.5126369148492813
S1,220005,180,0.1550161814019791,0.12996548563505061,3.3586397113458353,5.181147598913691,0.31953758746385574
S1,220005,300,0.1280735255693006,0.0840301087625214,1.2203082292696716,1.6731584138027762,0.24510467797517776
S1,220006,45,0.4227137268171982,0.5186535038911059,,,0.7218078225851059
S1,220006,90,0.29867726040183196,0.3487774703954826,2.31926939208333,9.350729408425094,0.5467411503195763
S1,220006,180,0.1611210719236939,0.1498964439418876,3.3291741983857386,6.367869373809432,0.3647540956735611
S1,220006,300,0.116379979590997,0.11353082419035836,1.6095514380011395,3.4986706784301203,0.29653268307447433
S1,220007,45,0.41832631701983486,0.5261668477764233,,,0.7537088543176651
S1,220007,90,0.2934628732869113,0.3510486528487854,3.7037472556797186,9.231559164213328,0.5629284083843231
S1,220007,180,0.15185024395443422,0.13136375173031203,2.404158956065413,6.248045681053683,0.3471514880657196
S1,220007,300,0.1077546567841644,0.06335132463303268,1.0703981257996884,2.2856507956257386,0.2614791840314865
S2,220000,45,0.4091093272317956,0.566194309109971,,,0.6765287667512894
S2,220000,90,0.28955034674318575,0.3854492818325126,2.77685738784128,6.797686205370857,0.5029485076665878
S2,220000,180,0.14144391198188921,0.16847138662673053,1.9804152113750288,5.563935930657174,0.3185919374227524
S2,220000,300,0.09082383495075869,0.10804279821880942,0.6406341792242163,2.1624310529011614,0.26414433866739273
S2,220001,45,0.40929298799564345,0.504985180480955,,,0.7033602446317673
S2,220001,90,0.28807898140251953,0.32898591761452217,3.0132372266890997,5.874456659679352,0.5161631926894188
S2,220001,180,0.15273376838053887,0.11030251552107022,1.8941636088176717,5.200537726794084,0.3441385105252266
S2,220001,300,0.09092791481431653,0.035767350810551504,0.7739591555411129,2.5512950501157134,0.26627547666430473
S2,220002,45,0.4164955681782227,0.5730789160141986,,,0.720348909497261
S2,220002,90,0.29036293133969127,0.38919585190539774,1.7074434747552873,7.879668184549263,0.5374833643436432
S2,220002,180,0.14712590944452913,0.1714189304812208,2.086507438373186,5.969126657462004,0.3256755620241165
S2,220002,300,0.10297195044516644,0.1602954737665019,0.8136022036506688,2.7241441309743455,0.2558366134762764
S2,220003,45,0.399681946378753,0.5395823233811002,,,0.7196624875068665
S2,220003,90,0.2799168532116671,0.36281227071490935,1.7230272876502155,8.592797434498681,0.5290289148688316
S2,220003,180,0.15088869535141677,0.17147238242343363,1.89557770143245,6.877240418652816,0.3162930831313133
S2,220003,300,0.11668190888681598,0.11862977915316969,0.5574272123646601,2.172832854724181,0.2781437151134014
S2,220004,45,0.41606809000898326,0.5504235846619675,,,0.7148685604333878
S2,220004,90,0.29960450865383176,0.3911045419692919,2.1400706708925674,7.797307951600518,0.5342479571700096
S2,220004,180,0.18780366965145395,0.22653998360424343,1.9612279256997023,6.188492396335891,0.39048411697149277
S2,220004,300,0.15024898238493767,0.17000969662852222,0.6636846844270398,2.6464583223040887,0.3346237428486347
S2,220005,45,0.4615465572051046,0.627864839580726,,,0.7508622705936432
S2,220005,90,0.3400939737641322,0.4586761607081975,1.835571688314141,8.613463740543224,0.5377476289868355
S2,220005,180,0.19934468953808882,0.2648572033713956,2.1198875917516546,6.749367157334761,0.339532732963562
S2,220005,300,0.14215901452544455,0.19363649534893557,0.7569435107802004,2.775006048005405,0.28005604073405266
S2,220006,45,0.45091234862077106,0.6237215084343675,,,0.744401603937149
S2,220006,90,0.3198500183011107,0.43567326605808687,2.5277645997791467,10.011036478137417,0.543269693851471
S2,220006,180,0.16324615348296695,0.17109164228151613,1.975694143523238,7.511226675433683,0.3351525366306305
S2,220006,300,0.08952328910314605,0.10121865983568619,0.663888412804336,3.356898662888659,0.2373613715171814
S2,220007,45,0.44015599675899475,0.6220988235542811,,,0.7818528711795807
S2,220007,90,0.3056963961311231,0.42504334443165354,2.092579437213863,9.903157518670248,0.5825384259223938
S2,220007,180,0.1532387277544651,0.21150159594705858,1.8759618764999215,7.381973144248523,0.39190417528152466
S2,220007,300,0.09351854278511987,0.1659536902962043,0.7335664859635365,2.491634343537349,0.31048861891031265
hamd,220000,45,0.44917895722910395,0.654312671073909,,,0.7028777152299881
hamd,220000,90,0.3147993935469238,0.4685187667489002,2.8036728402069504,11.23057503167816,0.4982091560959816
hamd,220000,180,0.1585896820536684,0.22842457641817532,1.9803447459143086,7.40192533938977,0.28783736377954483
hamd,220000,300,0.10352846031869145,0.15616329150588165,0.8253736320727363,1.9488981333262787,0.23886898905038834
hamd,220001,45,0.4163407099972155,0.53941052824287,,,0.6752756685018539
hamd,220001,90,0.28830125529714873,0.36428198259773953,3.325259736209425,8.616979977438518,0.483110211789608
hamd,220001,180,0.14707271396984145,0.1491673150671736,2.2986979221993282,6.22461081861287,0.2766965366899967
hamd,220001,300,0.11129560497689114,0.12367754560924749,0.4398899043680813,1.0608870500773775,0.2465595379471779
hamd,220002,45,0.3855709001392591,0.5074581672547068,,,0.6607305258512497
hamd,220002,90,0.26488418861059604,0.34739848856265426,3.0441649394025014,7.772084263344209,0.4716247692704201
hamd,220002,180,0.13497109879900046,0.17292225147597762,1.9297192516640664,5.393674181211059,0.2833489626646042
hamd,220002,300,0.0983930617315815,0.10885711249808096,0.7873301843441302,1.689089902715907,0.2257416769862175
hamd,220003,45,0.3994898523984107,0.570273888575759,,,0.6805430054664612
hamd,220003,90,0.28170853649448796,0.40316803851047245,2.9382371257942506,8.748893447661434,0.5059946328401566
hamd,220003,180,0.14518024631968213,0.21543324953720583,2.4243956983696604,6.567487594326728,0.32702355086803436
hamd,220003,300,0.09431988400530919,0.12691176191060452,1.4803562684481242,2.15401367713022,0.24942317605018616
hamd,220004,45,0.4172863771587385,0.5591191781281474,,,0.6803652942180634
hamd,220004,90,0.2996586096564249,0.39671695179076544,2.324608689546612,9.800523222943044,0.4960652068257332
hamd,220004,180,0.16120302532514144,0.21851658300727045,1.8929816788440044,6.771980487007595,0.29795990139245987
hamd,220004,300,0.11011174763311071,0.13073125663565283,0.8550983469818448,2.119854836188471,0.23529228195548058
hamd,220005,45,0.40409297766436525,0.5380446287626606,,,0.6945049464702606
hamd,220005,90,0.2808067774485532,0.35745671393385503,2.0209359224829506,8.606802154674726,0.5087447836995125
hamd,220005,180,0.14170985862738747,0.14218510136423362,2.027990388705168,6.072919975135799,0.3173753097653389
hamd,220005,300,0.09869890062895709,0.09111501968283219,0.8019113251618508,1.9087414643662395,0.2546777166426182
hamd,220006,45,0.38991078636531945,0.527591081553908,,,0.6793568581342697
hamd,220006,90,0.276330450816603,0.36213207417953536,2.7369463811191785,9.615792417474585,0.49764084815979004
hamd,220006,180,0.1465706303604898,0.15483195910000241,2.1000158683076244,6.141435917134144,0.31481416523456573
hamd,220006,300,0.09756313772289185,0.08611904972047006,0.8095191329892126,2.489038453113584,0.25060924515128136
hamd,220007,45,0.3978161688904864,0.5099066072988869,,,0.6716094017028809
hamd,220007,90,0.285737898404364,0.3502495370879543,3.0358014087369107,8.345353748721736,0.4951096773147583
hamd,220007,180,0.16820268650529346,0.17905853705924332,2.2886755509501655,5.467686711174742,0.3179166167974472
hamd,220007,300,0.12400334796252727,0.13609664950297629,0.8966625675207652,2.1080675949215557,0.2541065663099289
nonlinear,220000,45,0.33070216397912755,0.4693570481864366,,,0.5980871468782425
nonlinear,220000,90,0.2865560717428982,0.395459368426633,1.9749147935229057,5.4789346376666215,0.5329421758651733
nonlinear,220000,180,0.2275542215801714,0.28315577836646555,1.463578593167855,18.657184479314697,0.39147740602493286
nonlinear,220000,300,0.12244508037725282,0.10520366102579423,0.7149011831222121,5.66553153944362,0.1914050281047821
nonlinear,220001,45,0.2910195467345944,0.40661448498188324,,,0.6035235375165939
nonlinear,220001,90,0.2570091579027744,0.3569908681771472,1.9946721540146426,3.869706940638948,0.5617433190345764
nonlinear,220001,180,0.21034968099167584,0.3161218677193879,1.796179118573256,26.581249258022016,0.4290507584810257
nonlinear,220001,300,0.12317359151341048,0.1290602874739397,0.6621088551781976,8.78178111840639,0.32361075282096863
nonlinear,220002,45,0.35435976124115587,0.4691483633064463,,,0.6476153433322906
nonlinear,220002,90,0.3186285445592761,0.42323827957499244,2.1875139456521198,2.26290296086464,0.5933851003646851
nonlinear,220002,180,0.2779697033393958,0.3915454330563377,1.5982516872945929,17.610884717957802,0.4920269250869751
nonlinear,220002,300,0.13359955895260534,0.18314846258687417,0.8494478406456932,6.477477132431536,0.27747659385204315
nonlinear,220003,45,0.3260459499023195,0.48525181184617866,,,0.6164850443601608
nonlinear,220003,90,0.28943705199141456,0.4362738107809271,1.8545421394233799,5.3280313467324865,0.5642492920160294
nonlinear,220003,180,0.24531818086604443,0.37155114590783117,1.6052327198896408,20.90084760099234,0.4665696322917938
nonlinear,220003,300,0.10238321770841154,0.14208227897119755,0.8667829144953088,7.063668014658911,0.2773924022912979
nonlinear,220004,45,0.30054935464705756,0.3677620331863337,,,0.6291283965110779
nonlinear,220004,90,0.2584784475454964,0.2979528510470224,2.137178142883668,4.219678107169099,0.58095782995224
nonlinear,220004,180,0.19303886863993064,0.19019126287117674,1.6130013390393476,23.122298783386338,0.4361110031604767
nonlinear,220004,300,0.11501720579571936,0.17016937511736302,0.6456471278254655,7.487108120409239,0.24045675247907639
nonlinear,220005,45,0.2819842270278856,0.353815324808223,,,0.6332770884037018
nonlinear,220005,90,0.2450138313797123,0.2665750173399494,1.602612424395835,3.5833836010655413,0.5767212808132172
nonlinear,220005,180,0.1936280107326641,0.19503079034845416,1.3312828865878739,16.197808077739197,0.4418325126171112
nonlinear,220005,300,0.1083428768168378,0.054707845928137114,0.7379298103920683,6.780031619302365,0.28824570029973984
nonlinear,220006,45,0.30507010812833935,0.42587503198580845,,,0.6630521714687347
nonlinear,220006,90,0.26712359611449044,0.36557406643419704,2.546662893970035,3.7882641084827555,0.5903432071208954
nonlinear,220006,180,0.217253615801006,0.299369275818256,1.6131662982718318,15.554999716818648,0.42577867209911346
nonlinear,220006,300,0.1426814445264623,0.19548181155578906,0.8087647432328307,6.936542112145143,0.2429296001791954
nonlinear,220007,45,0.3045977202391961,0.4167739231352992,,,0.58265620470047
nonlinear,220007,90,0.26305254804895384,0.35353837396554927,2.5017695660904393,2.43069916588226,0.5222230553627014
nonlinear,220007,180,0.20231304124120264,0.22066884743228904,1.9503080541926368,15.513429793153447,0.33582331240177155
nonlinear,220007,300,0.14987718451605248,0.14014015977768157,0.5593361751728377,4.831461505765162,0.20966792106628418
