scenario,budget,median_D,median_h_change,median_q_change,median_objective
S1,45,0.3935387979688228,,,0.6872234866023064
S1,90,0.277085479221812,3.191352463375131,7.526449213386552,0.509866364300251
S1,180,0.1521111578922288,2.1309932609430158,5.538086085978307,0.3446342647075653
S1,300,0.11214002965753794,0.9686800614391166,2.2818409180790997,0.26032521575689316
S2,45,0.416281829093603,,,0.7200056985020638
S2,90,0.29498371999676154,2.116325054053215,8.236232809523973,0.5358656607568264
S2,180,0.152986248067502,1.9684610346114702,6.468929776835326,0.33734263479709625
S2,300,0.09824524661514315,0.6987274493839362,2.598876686209901,0.2722095958888531
hamd,45,0.401791415031388,,,0.6798610761761665
hamd,90,0.28372321744942597,2.8709549830006003,8.682936712549976,0.4968530274927616
hamd,180,0.14682167216516562,2.0640031285063962,6.183023367873507,0.3063870333135128
hamd,300,0.10111368047382427,0.8174463825309745,2.028482864123917,0.24799135699868202
nonlinear,45,0.3048339141837677,,,0.6228067204356194
nonlinear,90,0.26508807208172214,2.065925148449155,3.828985524560852,0.5704852864146233
nonlinear,180,0.21380164839634092,1.6091170294644943,18.134034598636248,0.4325808808207512
nonlinear,300,0.12280933594533165,0.7264154967571401,6.858286865723754,0.26016100123524666
