scope,selector,n_tasks,n_evaluable,abstention_or_missing_rate,oracle_ratio_mean,oracle_ratio_median,oracle_ratio_q25,oracle_ratio_q75,error_mean,error_median,regret_mean,regret_median,catastrophic_rate,top1_rate,top2_rate,survivor_count_mean,oracle_survival_rate
flagship_B2_E2,MSES,4,4,0.0,2.2726462050888316,1.1828962883104777,1.100209757312677,2.3553327360866323,0.5265723476492467,0.0925287765467312,0.39479289228129577,0.0131736069517705,0.25,0.25,0.75,,0.75
flagship_B2_E2,product,4,4,0.0,2.4094701376438166,1.0186780749727042,0.9999999999848321,2.4281482126316885,0.23299578705732726,0.2171145793634916,0.10121633168937645,0.0061386338786242,0.25,0.5,0.5,,
flagship_B2_E2,variance_only,4,4,0.0,2.049778634334221,1.1828962883104777,1.1002097573154828,2.132465165329216,0.20554373725579417,0.2218068163821883,0.07376428188784333,0.0131736069517705,0.25,0.25,0.5,,
flagship_B2_E2,fixed_sieve1,4,4,0.0,2.4094701376438166,1.0186780749727042,0.9999999999848321,2.4281482126316885,0.23299578705732726,0.2171145793634916,0.10121633168937645,0.0061386338786242,0.25,0.5,,,
flagship_B2_E2,fixed_kernel,4,4,0.0,5.978967161311613,3.2303620426672444,2.9142540814054754,6.295075122573381,0.4961828906032615,0.3913025416053119,0.3644034352353106,0.32712011701241417,1.0,0.0,,,
flagship_B2_E2,biasvar_mult,4,4,0.0,0.9999999999858642,0.999999999987508,0.9999999999821717,0.9999999999912005,0.1317794553679508,0.08169790564941025,0.0,0.0,0.0,1.0,1.0,,
flagship_B2_E2,biasvar_add,4,4,0.0,1.0093390374756566,0.999999999987508,0.9999999999821717,1.009339037480993,0.13484877230726292,0.08169790564941025,0.0030693169393121,0.0,0.0,0.75,1.0,,
flagship_B2_E2,oracle,4,4,0.0,0.9999999999858642,0.999999999987508,0.9999999999821717,0.9999999999912005,0.1317794553679508,0.08169790564941025,0.0,0.0,0.0,1.0,,,
core_plus_switching,MSES,24,24,0.0,2.4414854624526696,1.0197971671343784,0.9999999999392293,1.6755514349843896,0.12842552827565704,0.03653920694292565,0.07373124033542218,0.0006304579304253,0.2916666666666667,0.5,0.625,,0.7916666666666666
core_plus_switching,product,24,24,0.0,12.51592181063099,1.7050330257287185,1.1909759532151276,6.598743153424628,0.15270624010741815,0.10437052715540784,0.09801195216718328,0.04146685055805565,0.5833333333333334,0.125,0.375,,
core_plus_switching,variance_only,24,24,0.0,5.250437050217111,1.4053506753171008,0.9999999999939491,3.052418123117947,0.08303603672430938,0.049273235831700554,0.02834174878407453,0.01101343698023845,0.4583333333333333,0.3333333333333333,0.6666666666666666,,
core_plus_switching,fixed_sieve1,24,24,0.0,12.51592181063099,1.7050330257287185,1.1909759532151276,6.598743153424628,0.15270624010741815,0.10437052715540784,0.09801195216718328,0.04146685055805565,0.5833333333333334,0.125,,,
core_plus_switching,fixed_kernel,24,24,0.0,18.3785529600018,2.910221788260638,1.8745164299034052,4.170659688616909,0.17620363202708214,0.0679905751851966,0.12150934408684728,0.05201199262554,0.8333333333333334,0.125,,,
core_plus_switching,biasvar_mult,24,24,0.0,10.571803376425622,1.529771669775247,1.1334522984247566,6.007268303239572,0.11404418636956691,0.08169790564941025,0.05934989842933205,0.01837863938898025,0.5,0.25,0.7083333333333334,,
core_plus_switching,biasvar_add,24,24,0.0,6.753451711966284,1.3803708045323413,0.9999999999902057,6.007268303239572,0.12088016664780478,0.08169790564941025,0.06618587870756992,0.01509610161039495,0.4583333333333333,0.2916666666666667,0.7083333333333334,,
core_plus_switching,oracle,24,24,0.0,0.9999999997187987,0.9999999999453923,0.9999999998997974,0.9999999999867198,0.054694287940234815,0.0184605963703564,0.0,0.0,0.0,1.0,,,
all_simulation_selection,MSES,55,52,0.054545454545454564,2.3560173662680772,1.1888789811647933,0.9999999999902057,1.738232602312928,0.10981738989705743,0.09064237348132795,0.04852727611906709,0.014003053198334201,0.3269230769230769,0.3076923076923077,0.6153846153846154,,0.6909090909090909
all_simulation_selection,product,55,55,0.0,7.791551982024247,1.193470573769878,0.9999999999893949,6.013928232638347,0.11967131563185081,0.0932973649912738,0.0577772610502868,0.0122772677572484,0.41818181818181815,0.41818181818181815,0.5636363636363636,,
all_simulation_selection,variance_only,55,55,0.0,3.7179960610195253,1.232179566865964,1.0339014380061502,2.8069234499905855,0.08468842549925731,0.0977546576460216,0.02279437091769329,0.0181438132606278,0.36363636363636365,0.2,0.38181818181818183,,
all_simulation_selection,fixed_sieve1,55,55,0.0,7.791551982024247,1.193470573769878,0.9999999999893949,6.013928232638347,0.11967131563185081,0.0932973649912738,0.0577772610502868,0.0122772677572484,0.41818181818181815,0.41818181818181815,,,
all_simulation_selection,fixed_kernel,55,55,0.0,9.510242907039078,2.7851993808611946,1.751612674488897,2.982291947531375,0.17701977007298764,0.198196187685078,0.11512571549142363,0.130052624443057,0.7636363636363637,0.21818181818181817,,,
all_simulation_selection,biasvar_mult,55,55,0.0,6.943209392552814,1.1779363979006898,0.9999999999892816,3.7172532502050695,0.10280060127351572,0.0932973649912737,0.04090654669195172,0.0024462784166991,0.38181818181818183,0.4727272727272727,0.7090909090909091,,
all_simulation_selection,biasvar_add,55,55,0.0,5.277019575334193,1.0373561499561268,0.9999999999892816,3.157523497470373,0.1057835744858377,0.0932973649912737,0.043889519904273706,0.0012609158608506,0.36363636363636365,0.4909090909090909,0.7454545454545455,,
all_simulation_selection,oracle,55,55,0.0,0.99999999983285,0.9999999999853252,0.9999999998999995,0.9999999999893949,0.06189405458156396,0.068143563242021,0.0,0.0,0.0,1.0,,,
B2,MSES,1,1,0.0,1.232179566865964,1.232179566865964,1.232179566865964,1.232179566865964,0.1149591067859156,0.1149591067859156,0.0216617417946418,0.0216617417946418,0.0,0.0,1.0,,1.0
B2,product,1,1,0.0,0.9999999999892816,0.9999999999892816,0.9999999999892816,0.9999999999892816,0.0932973649912737,0.0932973649912737,0.0,0.0,0.0,1.0,1.0,,
B2,variance_only,1,1,0.0,1.232179566865964,1.232179566865964,1.232179566865964,1.232179566865964,0.1149591067859156,0.1149591067859156,0.0216617417946418,0.0216617417946418,0.0,0.0,0.0,,
B2,fixed_sieve1,1,1,0.0,0.9999999999892816,0.9999999999892816,0.9999999999892816,0.9999999999892816,0.0932973649912737,0.0932973649912737,0.0,0.0,0.0,1.0,,,
B2,fixed_kernel,1,1,0.0,2.9182863745503127,2.9182863745503127,2.9182863745503127,2.9182863745503127,0.2722684290383999,0.2722684290383999,0.1789710640471261,0.1789710640471261,1.0,0.0,,,
B2,biasvar_mult,1,1,0.0,0.9999999999892816,0.9999999999892816,0.9999999999892816,0.9999999999892816,0.0932973649912737,0.0932973649912737,0.0,0.0,0.0,1.0,1.0,,
B2,biasvar_add,1,1,0.0,0.9999999999892816,0.9999999999892816,0.9999999999892816,0.9999999999892816,0.0932973649912737,0.0932973649912737,0.0,0.0,0.0,1.0,1.0,,
B2,oracle,1,1,0.0,0.9999999999892816,0.9999999999892816,0.9999999999892816,0.9999999999892816,0.0932973649912737,0.0932973649912737,0.0,0.0,0.0,1.0,,,
C2,MSES,1,1,0.0,1.1336130097549912,1.1336130097549912,1.1336130097549912,1.1336130097549912,0.039752956303421,0.039752956303421,0.0046854721088992,0.0046854721088992,0.0,0.0,1.0,,1.0
C2,product,1,1,0.0,0.9999999999714836,0.9999999999714836,0.9999999999714836,0.9999999999714836,0.0350674841945217,0.0350674841945217,0.0,0.0,0.0,1.0,1.0,,
C2,variance_only,1,1,0.0,1.1336130097549912,1.1336130097549912,1.1336130097549912,1.1336130097549912,0.039752956303421,0.039752956303421,0.0046854721088992,0.0046854721088992,0.0,0.0,0.0,,
C2,fixed_sieve1,1,1,0.0,0.9999999999714836,0.9999999999714836,0.9999999999714836,0.9999999999714836,0.0350674841945217,0.0350674841945217,0.0,0.0,0.0,1.0,,,
C2,fixed_kernel,1,1,0.0,14.552987357940996,14.552987357940996,14.552987357940996,14.552987357940996,0.510336654172224,0.510336654172224,0.4752691699777022,0.4752691699777022,1.0,0.0,,,
C2,biasvar_mult,1,1,0.0,0.9999999999714836,0.9999999999714836,0.9999999999714836,0.9999999999714836,0.0350674841945217,0.0350674841945217,0.0,0.0,0.0,1.0,1.0,,
C2,biasvar_add,1,1,0.0,0.9999999999714836,0.9999999999714836,0.9999999999714836,0.9999999999714836,0.0350674841945217,0.0350674841945217,0.0,0.0,0.0,1.0,1.0,,
C2,oracle,1,1,0.0,0.9999999999714836,0.9999999999714836,0.9999999999714836,0.9999999999714836,0.0350674841945217,0.0350674841945217,0.0,0.0,0.0,1.0,,,
D2,MSES,1,1,0.0,5.724792243748637,5.724792243748637,5.724792243748637,5.724792243748637,1.881478881200103,1.881478881200103,1.552824355221642,1.552824355221642,1.0,0.0,0.0,,0.0
D2,product,1,1,0.0,1.0373561499561268,1.0373561499561268,1.0373561499561268,1.0373561499561268,0.3409317937357095,0.3409317937357095,0.0122772677572484,0.0122772677572484,0.0,0.0,0.0,,
D2,variance_only,1,1,0.0,0.9999999999969572,0.9999999999969572,0.9999999999969572,0.9999999999969572,0.328654525978461,0.328654525978461,0.0,0.0,0.0,1.0,1.0,,
D2,fixed_sieve1,1,1,0.0,1.0373561499561268,1.0373561499561268,1.0373561499561268,1.0373561499561268,0.3409317937357095,0.3409317937357095,0.0122772677572484,0.0122772677572484,0.0,0.0,,,
D2,fixed_kernel,1,1,0.0,2.902157201970964,2.902157201970964,2.902157201970964,2.902157201970964,0.953807099531646,0.953807099531646,0.6251525735531849,0.6251525735531849,1.0,0.0,,,
D2,biasvar_mult,1,1,0.0,0.9999999999969572,0.9999999999969572,0.9999999999969572,0.9999999999969572,0.328654525978461,0.328654525978461,0.0,0.0,0.0,1.0,1.0,,
D2,biasvar_add,1,1,0.0,1.0373561499561268,1.0373561499561268,1.0373561499561268,1.0373561499561268,0.3409317937357095,0.3409317937357095,0.0122772677572484,0.0122772677572484,0.0,0.0,1.0,,
D2,oracle,1,1,0.0,0.9999999999969572,0.9999999999969572,0.9999999999969572,0.9999999999969572,0.328654525978461,0.328654525978461,0.0,0.0,0.0,1.0,,,
E2,MSES,1,1,0.0,0.9999999999857344,0.9999999999857344,0.9999999999857344,0.9999999999857344,0.0700984463075468,0.0700984463075468,0.0,0.0,0.0,1.0,1.0,,1.0
E2,product,1,1,0.0,6.600524400658374,6.600524400658374,6.600524400658374,6.600524400658374,0.4626865053078042,0.4626865053078042,0.3925880590002574,0.3925880590002574,1.0,0.0,0.0,,
E2,variance_only,1,1,0.0,4.833321960718972,4.833321960718972,4.833321960718972,4.833321960718972,0.3388083599553791,0.3388083599553791,0.2687099136478323,0.2687099136478323,1.0,0.0,1.0,,
E2,fixed_sieve1,1,1,0.0,6.600524400658374,6.600524400658374,6.600524400658374,6.600524400658374,0.4626865053078042,0.4626865053078042,0.3925880590002574,0.3925880590002574,1.0,0.0,,,
E2,fixed_kernel,1,1,0.0,3.5424377107841765,3.5424377107841765,3.5424377107841765,3.5424377107841765,0.2483193796707761,0.2483193796707761,0.1782209333632293,0.1782209333632293,1.0,0.0,,,
E2,biasvar_mult,1,1,0.0,0.9999999999857344,0.9999999999857344,0.9999999999857344,0.9999999999857344,0.0700984463075468,0.0700984463075468,0.0,0.0,0.0,1.0,1.0,,
E2,biasvar_add,1,1,0.0,0.9999999999857344,0.9999999999857344,0.9999999999857344,0.9999999999857344,0.0700984463075468,0.0700984463075468,0.0,0.0,0.0,1.0,1.0,,
E2,oracle,1,1,0.0,0.9999999999857344,0.9999999999857344,0.9999999999857344,0.9999999999857344,0.0700984463075468,0.0700984463075468,0.0,0.0,0.0,1.0,,,
R,MSES,20,20,0.0,2.475253313925437,0.9999999999937048,0.9999999998997974,1.6755514349843896,0.048796164400939125,0.027196962140515098,0.00951890994624747,0.0,0.3,0.55,0.6,,0.8
R,product,20,20,0.0,14.537212145228427,2.05594220325532,1.3493346943873659,6.847417560512596,0.1366483307174363,0.10437052715540784,0.09737107626274463,0.0506639935949129,0.65,0.05,0.35,,
R,variance_only,20,20,0.0,5.890568733393688,1.5872428138241348,0.9999999999925406,3.052418123117947,0.058534496618012424,0.04334772388362275,0.01925724216332077,0.01101343698023845,0.5,0.35,0.7,,
R,fixed_sieve1,20,20,0.0,14.537212145228427,2.05594220325532,1.3493346943873659,6.847417560512596,0.1366483307174363,0.10437052715540784,0.09737107626274463,0.0506639935949129,0.65,0.05,,,
R,fixed_kernel,20,20,0.0,20.85847011973984,2.333384675904398,1.7860640950883164,4.170659688616909,0.11220778031184628,0.056462988456159005,0.07293052585715462,0.03258714051100335,0.8,0.15,,,
R,biasvar_mult,20,20,0.0,12.486164051713574,1.7050330257287185,1.3083463954325176,6.1699734196636005,0.1104971325698901,0.08071393440702446,0.07121987811519846,0.03526875169634565,0.6,0.1,0.65,,
R,biasvar_add,20,20,0.0,7.90227424686441,1.675745418929521,1.157097203979689,6.1699734196636005,0.11808644551591312,0.08071393440702446,0.07880919106122147,0.02745364545841865,0.55,0.2,0.65,,
R,oracle,20,20,0.0,0.9999999996653856,0.9999999999316971,0.9999999998803607,0.9999999999771745,0.03927725445469162,0.014783126621671902,0.0,0.0,0.0,1.0,,,
F2,MSES,4,4,0.0,1.3432029970168633,1.2763627316807253,1.0015915662386157,1.617974162458973,0.10808288897269308,0.09948050207156744,0.0193682258447125,0.018913969262968903,0.5,0.25,0.5,,1.0
F2,product,4,4,0.0,1.2556199777567252,1.1860916136216395,0.9999999999921506,1.4417115913862142,0.1029143643343575,0.09340140975920425,0.014199701206376925,0.01268094564255685,0.25,0.5,1.0,,
F2,variance_only,4,4,0.0,1.401247888736034,1.3913914709528439,1.174665197229905,1.617974162458973,0.11349832442135355,0.1103113729688884,0.02478366129337295,0.029590908852241,0.5,0.0,0.0,,
F2,fixed_sieve1,4,4,0.0,1.2556199777567252,1.1860916136216395,0.9999999999921506,1.4417115913862142,0.1029143643343575,0.09340140975920425,0.014199701206376925,0.01268094564255685,0.25,0.5,,,
F2,fixed_kernel,4,4,0.0,2.691217490490928,2.7569123177509653,2.5371762367689787,2.9109535714729144,0.24030068625428172,0.23523230836173892,0.15158602312630112,0.15451184424509157,1.0,0.0,,,
F2,biasvar_mult,4,4,0.0,1.2556199777567252,1.1860916136216395,0.9999999999921506,1.4417115913862142,0.1029143643343575,0.09340140975920425,0.014199701206376925,0.01268094564255685,0.25,0.5,0.5,,
F2,biasvar_add,4,4,0.0,1.2556199777567252,1.1860916136216395,0.9999999999921506,1.4417115913862142,0.1029143643343575,0.09340140975920425,0.014199701206376925,0.01268094564255685,0.25,0.5,1.0,,
F2,oracle,4,4,0.0,0.9999999999867569,0.9999999999873034,0.9999999999838225,0.9999999999902379,0.08871466312798053,0.08072046411664735,0.0,0.0,0.0,1.0,,,
G2,MSES,16,14,0.125,1.2864016274985939,1.2321795594195537,1.1700164419369141,1.232179566865964,0.12627462585387422,0.1149591067859156,0.028856128817160185,0.0216617410999114,0.14285714285714285,0.0,0.8571428571428571,,0.75
G2,product,16,16,0.0,0.9999999999897775,0.9999999999893949,0.9999999999892816,0.9999999999899603,0.09845767664706148,0.09430559219886375,0.0,0.0,0.0,1.0,1.0,,
G2,variance_only,16,16,0.0,1.1726776703292754,1.1888789811647933,1.126017274765943,1.232179563449219,0.11518462090536026,0.1149591067859156,0.016726944258298723,0.0189170868528456,0.0,0.0,0.0,,
G2,fixed_sieve1,16,16,0.0,0.9999999999897775,0.9999999999893949,0.9999999999892816,0.9999999999899603,0.09845767664706148,0.09430559219886375,0.0,0.0,0.0,1.0,,,
G2,fixed_kernel,16,16,0.0,2.7828260163037806,2.8879299190187915,2.731702327306401,2.9182863745503127,0.27222282011777166,0.2722684287222482,0.17376514347071012,0.17801174571963374,1.0,0.0,,,
G2,biasvar_mult,16,16,0.0,0.9999999999897775,0.9999999999893949,0.9999999999892816,0.9999999999899603,0.09845767664706148,0.09430559219886375,0.0,0.0,0.0,1.0,1.0,,
G2,biasvar_add,16,16,0.0,0.9999999999897775,0.9999999999893949,0.9999999999892816,0.9999999999899603,0.09845767664706148,0.09430559219886375,0.0,0.0,0.0,1.0,1.0,,
G2,oracle,16,16,0.0,0.9999999999897775,0.9999999999893949,0.9999999999892816,0.9999999999899603,0.09845767664706148,0.09430559219886375,0.0,0.0,0.0,1.0,,,
H2,MSES,8,8,0.0,4.493752944518702,3.848076773809911,1.007096946395673,7.194707610919872,0.0474406156757492,0.030771996824148252,0.031061678145715824,0.018792298588553,0.625,0.25,0.25,,0.25
H2,product,8,8,0.0,12.746654018512348,9.94765142795951,5.938552502312743,13.440680442205123,0.1099665210134617,0.057696067741206655,0.09358758348342833,0.03785793764614545,0.875,0.0,0.0,,
H2,variance_only,8,8,0.0,6.065833281618751,5.334955635945488,2.5578428818922365,8.301561180971841,0.03922971480410016,0.02942042656068425,0.022850777274066786,0.0170403705674525,0.75,0.125,0.375,,
H2,fixed_sieve1,8,8,0.0,12.746654018512348,9.94765142795951,5.938552502312743,13.440680442205123,0.1099665210134617,0.057696067741206655,0.09358758348342833,0.03785793764614545,0.875,0.0,,,
H2,fixed_kernel,8,8,0.0,2.9610003280790655,0.9999999999305571,0.9999999998526563,1.5184924110139102,0.020016900768458065,0.011155049022742551,0.0036379632384247497,0.0,0.25,0.75,,,
H2,biasvar_mult,8,8,0.0,12.746654018512348,9.94765142795951,5.938552502312743,13.440680442205123,0.1099665210134617,0.057696067741206655,0.09358758348342833,0.03785793764614545,0.875,0.0,0.25,,
H2,biasvar_add,8,8,0.0,12.746654018512348,9.94765142795951,5.938552502312743,13.440680442205123,0.1099665210134617,0.057696067741206655,0.09358758348342833,0.03785793764614545,0.875,0.0,0.25,,
H2,oracle,8,8,0.0,0.9999999997653579,0.9999999998266462,0.999999999689839,0.9999999999122473,0.016378937530033298,0.00672165904615555,0.0,0.0,0.0,1.0,,,
I2,MSES,3,2,0.33333333333333337,2.2923968089392646,2.2923968089392646,1.6461984044372093,2.93859521344132,0.0242951763901066,0.0242951763901066,0.0119582290782684,0.0119582290782684,0.5,0.5,0.5,,0.3333333333333333
I2,product,3,3,0.0,1.7191744990758977,0.999999999935154,0.99999999987866,2.078761748702764,0.0167533817918841,0.0154211411400224,0.006654344353480566,0.0,0.3333333333333333,0.6666666666666666,0.6666666666666666,,
I2,variance_only,3,3,0.0,1.8615978725668985,0.999999999935154,0.99999999987866,2.292396808939265,0.018071190157249135,0.0154211411400224,0.007972152718845599,0.0,0.3333333333333333,0.6666666666666666,0.6666666666666666,,
I2,fixed_sieve1,3,3,0.0,1.7191744990758977,0.999999999935154,0.99999999987866,2.078761748702764,0.0167533817918841,0.0154211411400224,0.006654344353480566,0.0,0.3333333333333333,0.6666666666666666,,,
I2,fixed_kernel,3,3,0.0,0.9999999998830812,0.999999999891924,0.9999999998570449,0.9999999999135389,0.010099037438403501,0.0092527534836539,0.0,0.0,0.0,1.0,,,
I2,biasvar_mult,3,3,0.0,1.7191744990758977,0.999999999935154,0.99999999987866,2.078761748702764,0.0167533817918841,0.0154211411400224,0.006654344353480566,0.0,0.3333333333333333,0.6666666666666666,0.6666666666666666,,
I2,biasvar_add,3,3,0.0,1.7191744990758977,0.999999999935154,0.99999999987866,2.078761748702764,0.0167533817918841,0.0154211411400224,0.006654344353480566,0.0,0.3333333333333333,0.6666666666666666,0.6666666666666666,,
I2,oracle,3,3,0.0,0.9999999998830812,0.999999999891924,0.9999999998570449,0.9999999999135389,0.010099037438403501,0.0092527534836539,0.0,0.0,0.0,1.0,,,
