seed,kind,level,method,pehe,ate_err,policy
0,additive,0.0,OPM,0.5367764451069662,0.09190482970322193,0.5050668906480628
0,additive,0.0,PDR-sieve,0.6508804331577127,0.2568568350747776,0.496497652748039
0,additive,0.0,S-learner,0.583260051522508,0.30836079217263784,0.2751719265393732
0,additive,0.0,CausalForest,0.5968513261710919,0.34028729300519145,0.27612744590577143
0,additive,0.0,DR-learner,0.8061628298329684,0.3996199882427542,0.18722132518906828
0,additive,0.1,OPM,0.5176869302531094,0.09079489738307549,0.5139833915898748
0,additive,0.1,PDR-sieve,0.6520728571577807,0.2648250422751458,0.5034305364445847
0,additive,0.1,S-learner,0.583260051522508,0.30836079217263784,0.2751719265393732
0,additive,0.1,CausalForest,0.5968513261710919,0.34028729300519145,0.27612744590577143
0,additive,0.1,DR-learner,0.8061628298329684,0.3996199882427542,0.18722132518906828
0,additive,0.2,OPM,0.5222669920182365,0.09208865847054681,0.5110008673285015
0,additive,0.2,PDR-sieve,0.6513359135256516,0.259846385506347,0.5156170680797636
0,additive,0.2,S-learner,0.583260051522508,0.30836079217263784,0.2751719265393732
0,additive,0.2,CausalForest,0.5968513261710919,0.34028729300519145,0.27612744590577143
0,additive,0.2,DR-learner,0.8061628298329684,0.3996199882427542,0.18722132518906828
0,additive,0.3,OPM,0.5202599283752574,0.09586207259568374,0.5154495143792233
0,additive,0.3,PDR-sieve,0.6451995737972868,0.25848074375346813,0.5199193991732625
0,additive,0.3,S-learner,0.583260051522508,0.30836079217263784,0.2751719265393732
0,additive,0.3,CausalForest,0.5968513261710919,0.34028729300519145,0.27612744590577143
0,additive,0.3,DR-learner,0.8061628298329684,0.3996199882427542,0.18722132518906828
0,missing,0.0,OPM,0.5367764451069662,0.09190482970322193,0.5050668906480628
0,missing,0.0,PDR-sieve,0.6508804331577127,0.2568568350747776,0.496497652748039
0,missing,0.0,S-learner,0.583260051522508,0.30836079217263784,0.2751719265393732
0,missing,0.0,CausalForest,0.5968513261710919,0.3402872930051914,0.27612744590577143
0,missing,0.0,DR-learner,0.8061628298329684,0.3996199882427542,0.18722132518906828
0,missing,0.1,OPM,0.5084467842181308,0.10792696187438257,0.4663587259333044
0,missing,0.1,PDR-sieve,0.6356597422204495,0.2758479179815006,0.46223590438160067
0,missing,0.1,S-learner,0.583260051522508,0.30836079217263784,0.2751719265393732
0,missing,0.1,CausalForest,0.5968513261710919,0.34028729300519145,0.27612744590577143
0,missing,0.1,DR-learner,0.8061628298329684,0.3996199882427542,0.18722132518906828
0,missing,0.2,OPM,0.5008718740795762,0.12482042686131041,0.4143183576834466
0,missing,0.2,PDR-sieve,0.6162338431540095,0.15745886382097563,0.5073319332134671
0,missing,0.2,S-learner,0.583260051522508,0.30836079217263784,0.2751719265393732
0,missing,0.2,CausalForest,0.5968513261710918,0.3402872930051915,0.27612744590577143
0,missing,0.2,DR-learner,0.8061628298329684,0.3996199882427542,0.18722132518906828
0,missing,0.3,OPM,0.5133595488914912,0.15363726134460726,0.3851524508884454
0,missing,0.3,PDR-sieve,0.6390680651594354,0.2468626659984938,0.4424274729394254
0,missing,0.3,S-learner,0.583260051522508,0.30836079217263784,0.2751719265393732
0,missing,0.3,CausalForest,0.5968513261710919,0.3402872930051915,0.27612744590577143
0,missing,0.3,DR-learner,0.8061628298329684,0.3996199882427542,0.18722132518906828
1,additive,0.0,OPM,0.4858603876431869,0.07101881918890547,0.5190506167066714
1,additive,0.0,PDR-sieve,0.4797830795221291,0.08232345971752429,0.5287743366731468
1,additive,0.0,S-learner,0.5975958799555212,0.3195497083480137,0.4277060095751193
1,additive,0.0,CausalForest,0.5459780454347042,0.32508620137492183,0.294900824175713
1,additive,0.0,DR-learner,0.8597890600192953,0.26995843052321256,0.25080614612042645
1,additive,0.1,OPM,0.49270774651302907,0.07273107216577247,0.5188594725602077
1,additive,0.1,PDR-sieve,0.482986756794597,0.08651718788632974,0.5287743366731468
1,additive,0.1,S-learner,0.5975958799555212,0.3195497083480137,0.4277060095751193
1,additive,0.1,CausalForest,0.5459780454347042,0.3250862013749219,0.294900824175713
1,additive,0.1,DR-learner,0.8597890600192953,0.26995843052321256,0.25080614612042645
1,additive,0.2,OPM,0.49485996623637907,0.07634373655218091,0.5118647206765057
1,additive,0.2,PDR-sieve,0.48684602255980514,0.08669865422734842,0.5287743366731468
1,additive,0.2,S-learner,0.5975958799555212,0.3195497083480137,0.4277060095751193
1,additive,0.2,CausalForest,0.5459780454347042,0.3250862013749218,0.294900824175713
1,additive,0.2,DR-learner,0.8597890600192953,0.26995843052321256,0.25080614612042645
1,additive,0.3,OPM,0.5132375284613291,0.08299456794014563,0.4374295205181377
1,additive,0.3,PDR-sieve,0.4906512351769051,0.08825070453970855,0.5287743366731468
1,additive,0.3,S-learner,0.5975958799555212,0.3195497083480137,0.4277060095751193
1,additive,0.3,CausalForest,0.5459780454347042,0.32508620137492183,0.294900824175713
1,additive,0.3,DR-learner,0.8597890600192953,0.26995843052321256,0.25080614612042645
1,missing,0.0,OPM,0.4858603876431869,0.07101881918890547,0.5190506167066714
1,missing,0.0,PDR-sieve,0.4797830795221291,0.08232345971752429,0.5287743366731468
1,missing,0.0,S-learner,0.5975958799555212,0.3195497083480137,0.4277060095751193
1,missing,0.0,CausalForest,0.5459780454347042,0.3250862013749218,0.294900824175713
1,missing,0.0,DR-learner,0.8597890600192953,0.26995843052321256,0.25080614612042645
1,missing,0.1,OPM,0.491475086951172,0.07635910457050957,0.510368294837058
1,missing,0.1,PDR-sieve,0.49432688632721355,0.08677309902997558,0.5293273497972885
1,missing,0.1,S-learner,0.5975958799555212,0.3195497083480137,0.4277060095751193
1,missing,0.1,CausalForest,0.5459780454347042,0.32508620137492183,0.294900824175713
1,missing,0.1,DR-learner,0.8597890600192953,0.26995843052321256,0.25080614612042645
1,missing,0.2,OPM,0.4830372309233137,0.08922770610320914,0.49588645043314783
1,missing,0.2,PDR-sieve,0.4944460017005915,0.08912263713768864,0.5294587969431375
1,missing,0.2,S-learner,0.5975958799555212,0.3195497083480137,0.4277060095751193
1,missing,0.2,CausalForest,0.5459780454347042,0.3250862013749219,0.294900824175713
1,missing,0.2,DR-learner,0.8597890600192953,0.26995843052321256,0.25080614612042645
1,missing,0.3,OPM,0.4827735627488533,0.11441926143526272,0.4671052430244455
1,missing,0.3,PDR-sieve,0.4713999465257332,0.06754551979394499,0.535337923329518
1,missing,0.3,S-learner,0.5975958799555212,0.3195497083480137,0.4277060095751193
1,missing,0.3,CausalForest,0.5459780454347042,0.32508620137492183,0.294900824175713
1,missing,0.3,DR-learner,0.8597890600192953,0.26995843052321256,0.25080614612042645
2,additive,0.0,OPM,0.5548038574107697,0.08834620349596857,0.572862536623436
2,additive,0.0,PDR-sieve,0.4881925978019548,0.14656935592409773,0.5529344109012848
2,additive,0.0,S-learner,0.5745342881203621,0.259171470212156,0.5164903542856722
2,additive,0.0,CausalForest,0.515561766265479,0.25440364539156485,0.5092019968505463
2,additive,0.0,DR-learner,0.708145205015028,0.23355662368627894,0.3040900951018839
2,additive,0.1,OPM,0.5539795690373787,0.07705597618001186,0.5734903424500227
2,additive,0.1,PDR-sieve,0.4703479613970446,0.12988179789152546,0.5492006318780052
2,additive,0.1,S-learner,0.5745342881203621,0.259171470212156,0.5164903542856722
2,additive,0.1,CausalForest,0.515561766265479,0.2544036453915649,0.5092019968505463
2,additive,0.1,DR-learner,0.708145205015028,0.23355662368627894,0.3040900951018839
2,additive,0.2,OPM,0.5596792159550371,0.07145660720865239,0.570616898246509
2,additive,0.2,PDR-sieve,0.4767000560754343,0.12078492396738931,0.5496129768261101
2,additive,0.2,S-learner,0.5745342881203621,0.259171470212156,0.5164903542856722
2,additive,0.2,CausalForest,0.515561766265479,0.25440364539156496,0.5092019968505463
2,additive,0.2,DR-learner,0.708145205015028,0.23355662368627894,0.3040900951018839
2,additive,0.3,OPM,0.5532968059885757,0.07127142740835128,0.5678239558131052
2,additive,0.3,PDR-sieve,0.5121768749609686,0.07795144336570883,0.5534811818240917
2,additive,0.3,S-learner,0.5745342881203621,0.259171470212156,0.5164903542856722
2,additive,0.3,CausalForest,0.515561766265479,0.25440364539156496,0.5092019968505463
2,additive,0.3,DR-learner,0.708145205015028,0.23355662368627894,0.3040900951018839
2,missing,0.0,OPM,0.5548038574107697,0.08834620349596857,0.572862536623436
2,missing,0.0,PDR-sieve,0.4881925978019548,0.14656935592409773,0.5529344109012848
2,missing,0.0,S-learner,0.5745342881203621,0.259171470212156,0.5164903542856722
2,missing,0.0,CausalForest,0.515561766265479,0.25440364539156496,0.5092019968505463
2,missing,0.0,DR-learner,0.708145205015028,0.23355662368627894,0.3040900951018839
2,missing,0.1,OPM,0.5737755437959527,0.13696615919698277,0.5664477356946506
2,missing,0.1,PDR-sieve,0.5370352041278986,0.16386529794501067,0.566123997133001
2,missing,0.1,S-learner,0.5745342881203621,0.259171470212156,0.5164903542856722
2,missing,0.1,CausalForest,0.515561766265479,0.254403645391565,0.5092019968505463
2,missing,0.1,DR-learner,0.708145205015028,0.23355662368627894,0.3040900951018839
2,missing,0.2,OPM,0.5438041271926082,0.12861291106379374,0.5570002807255795
2,missing,0.2,PDR-sieve,0.5427958327230735,0.19631691268252138,0.5656036581847297
2,missing,0.2,S-learner,0.5745342881203621,0.259171470212156,0.5164903542856722
2,missing,0.2,CausalForest,0.515561766265479,0.25440364539156496,0.5092019968505463
2,missing,0.2,DR-learner,0.708145205015028,0.23355662368627894,0.3040900951018839
2,missing,0.3,OPM,0.5444246012860433,0.1323538402576763,0.5408706620172411
2,missing,0.3,PDR-sieve,0.6838107573823721,0.10544282127089107,0.5316190648991438
2,missing,0.3,S-learner,0.5745342881203621,0.259171470212156,0.5164903542856722
2,missing,0.3,CausalForest,0.515561766265479,0.25440364539156496,0.5092019968505463
2,missing,0.3,DR-learner,0.708145205015028,0.23355662368627894,0.3040900951018839
3,additive,0.0,OPM,0.4736753913680385,0.13924863004124555,0.5435193783608202
3,additive,0.0,PDR-sieve,0.4305447066837434,0.051196288803154716,0.5465958575275336
3,additive,0.0,S-learner,0.635135847763572,0.30519842112575596,0.441861922084726
3,additive,0.0,CausalForest,0.56909483751501,0.3167534392590942,0.3411052786386031
3,additive,0.0,DR-learner,0.7873282209253035,0.4067884708794875,0.1438481863633025
3,additive,0.1,OPM,0.5023637507460772,0.13882448263990557,0.5213283292471199
3,additive,0.1,PDR-sieve,0.43076445585495987,0.05123788166933704,0.5465400071362353
3,additive,0.1,S-learner,0.635135847763572,0.30519842112575596,0.441861922084726
3,additive,0.1,CausalForest,0.56909483751501,0.31675343925909416,0.3411052786386031
3,additive,0.1,DR-learner,0.7873282209253035,0.4067884708794875,0.1438481863633025
3,additive,0.2,OPM,0.5083070857070602,0.14088023452343104,0.5106545978466549
3,additive,0.2,PDR-sieve,0.43133416889913645,0.04350944781197557,0.5459918710592057
3,additive,0.2,S-learner,0.635135847763572,0.30519842112575596,0.441861922084726
3,additive,0.2,CausalForest,0.56909483751501,0.31675343925909416,0.3411052786386031
3,additive,0.2,DR-learner,0.7873282209253035,0.4067884708794875,0.1438481863633025
3,additive,0.3,OPM,0.5056602112211593,0.14577498677848574,0.508762356072349
3,additive,0.3,PDR-sieve,0.4334519171966265,0.04103763287098158,0.5458315746896728
3,additive,0.3,S-learner,0.635135847763572,0.30519842112575596,0.441861922084726
3,additive,0.3,CausalForest,0.56909483751501,0.31675343925909416,0.3411052786386031
3,additive,0.3,DR-learner,0.7873282209253035,0.4067884708794875,0.1438481863633025
3,missing,0.0,OPM,0.4736753913680385,0.13924863004124555,0.5435193783608202
3,missing,0.0,PDR-sieve,0.4305447066837434,0.051196288803154716,0.5465958575275336
3,missing,0.0,S-learner,0.635135847763572,0.30519842112575596,0.441861922084726
3,missing,0.0,CausalForest,0.56909483751501,0.3167534392590941,0.3411052786386031
3,missing,0.0,DR-learner,0.7873282209253035,0.4067884708794875,0.1438481863633025
3,missing,0.1,OPM,0.469370442746666,0.14536765031030607,0.5329722584228352
3,missing,0.1,PDR-sieve,0.43748562081303116,0.060658137491292556,0.54902622755231
3,missing,0.1,S-learner,0.635135847763572,0.30519842112575596,0.441861922084726
3,missing,0.1,CausalForest,0.56909483751501,0.3167534392590942,0.3411052786386031
3,missing,0.1,DR-learner,0.7873282209253035,0.4067884708794875,0.1438481863633025
3,missing,0.2,OPM,0.5434169054498207,0.1608081450410561,0.4854504921861051
3,missing,0.2,PDR-sieve,0.4923104099046197,0.08976600339363335,0.5439611225946076
3,missing,0.2,S-learner,0.635135847763572,0.30519842112575596,0.441861922084726
3,missing,0.2,CausalForest,0.56909483751501,0.31675343925909416,0.3411052786386031
3,missing,0.2,DR-learner,0.7873282209253035,0.4067884708794875,0.1438481863633025
3,missing,0.3,OPM,0.5580763626817397,0.16092413463162972,0.45169598386332555
3,missing,0.3,PDR-sieve,0.49026138645531164,0.07273091458332091,0.5439611225946076
3,missing,0.3,S-learner,0.635135847763572,0.30519842112575596,0.441861922084726
3,missing,0.3,CausalForest,0.56909483751501,0.3167534392590942,0.3411052786386031
3,missing,0.3,DR-learner,0.7873282209253035,0.4067884708794875,0.1438481863633025
4,additive,0.0,OPM,0.44888466323272164,0.06645397573042305,0.5539891946255558
4,additive,0.0,PDR-sieve,0.5217085801742557,0.24942487534554347,0.5459464521955083
4,additive,0.0,S-learner,0.6095468340538744,0.318292886487758,0.5031171283711569
4,additive,0.0,CausalForest,0.5474881584415262,0.33228462401738873,0.40785505295173763
4,additive,0.0,DR-learner,0.9731894923503848,0.3204655947255875,0.08639242612400243
4,additive,0.1,OPM,0.4525746913144404,0.06836072358599787,0.551451884178397
4,additive,0.1,PDR-sieve,0.5273508344376392,0.26105484422715053,0.5463098289848298
4,additive,0.1,S-learner,0.6095468340538744,0.318292886487758,0.5031171283711569
4,additive,0.1,CausalForest,0.5474881584415262,0.33228462401738873,0.40785505295173763
4,additive,0.1,DR-learner,0.9731894923503848,0.3204655947255875,0.08639242612400243
4,additive,0.2,OPM,0.45640004956252944,0.0714546856430672,0.5451241505360815
4,additive,0.2,PDR-sieve,0.5344435500831582,0.2706148828732127,0.5466187976422557
4,additive,0.2,S-learner,0.6095468340538744,0.318292886487758,0.5031171283711569
4,additive,0.2,CausalForest,0.5474881584415262,0.3322846240173887,0.40785505295173763
4,additive,0.2,DR-learner,0.9731894923503848,0.3204655947255875,0.08639242612400243
4,additive,0.3,OPM,0.48208439678239223,0.07621472232507114,0.5460210541500488
4,additive,0.3,PDR-sieve,0.5387565925659306,0.2778543040819123,0.5468882727328849
4,additive,0.3,S-learner,0.6095468340538744,0.318292886487758,0.5031171283711569
4,additive,0.3,CausalForest,0.5474881584415262,0.3322846240173887,0.40785505295173763
4,additive,0.3,DR-learner,0.9731894923503848,0.3204655947255875,0.08639242612400243
4,missing,0.0,OPM,0.44888466323272164,0.06645397573042305,0.5539891946255558
4,missing,0.0,PDR-sieve,0.5217085801742557,0.24942487534554347,0.5459464521955083
4,missing,0.0,S-learner,0.6095468340538744,0.318292886487758,0.5031171283711569
4,missing,0.0,CausalForest,0.5474881584415262,0.33228462401738873,0.40785505295173763
4,missing,0.0,DR-learner,0.9731894923503848,0.3204655947255875,0.08639242612400243
4,missing,0.1,OPM,0.43639549590055954,0.08101724410455015,0.5526323316834594
4,missing,0.1,PDR-sieve,0.6179458410847961,0.25367552795564724,0.47403478641078606
4,missing,0.1,S-learner,0.6095468340538744,0.318292886487758,0.5031171283711569
4,missing,0.1,CausalForest,0.5474881584415262,0.33228462401738873,0.40785505295173763
4,missing,0.1,DR-learner,0.9731894923503848,0.3204655947255875,0.08639242612400243
4,missing,0.2,OPM,0.4457905165671389,0.11012642927919043,0.5486275444876563
4,missing,0.2,PDR-sieve,0.5226616501858031,0.22690867440572923,0.5454110841089335
4,missing,0.2,S-learner,0.6095468340538744,0.318292886487758,0.5031171283711569
4,missing,0.2,CausalForest,0.5474881584415262,0.3322846240173887,0.40785505295173763
4,missing,0.2,DR-learner,0.9731894923503848,0.3204655947255875,0.08639242612400243
4,missing,0.3,OPM,0.4728970945091143,0.13053543446092358,0.5310803697527915
4,missing,0.3,PDR-sieve,0.5202465764746844,0.1824468330211594,0.5454110841089335
4,missing,0.3,S-learner,0.6095468340538744,0.318292886487758,0.5031171283711569
4,missing,0.3,CausalForest,0.5474881584415262,0.33228462401738873,0.40785505295173763
4,missing,0.3,DR-learner,0.9731894923503848,0.3204655947255875,0.08639242612400243
