seed,method,pehe,ate_err
0,OPM-proximal,0.3992993650438825,0.11921320470208618
0,OPM-dr_fallback,0.6298432574302977,0.5144936953122268
0,sieve1-PDR,0.41392479116363695,0.24915546461100435
0,sieve2-PDR,1.0744898775333775,0.18294955529362888
0,sieve3-PDR,3.1111851694282273,1.2086191266927027
0,S-learner,0.632338407267561,0.4716558832900972
0,T-learner,0.7704947407340802,0.5290954294374095
0,X-learner,0.6690097037651868,0.5114836698873595
0,DR-learner,0.5685756715545656,0.48898380339287373
0,CausalForest,0.678168919419293,0.49199534034423476
0,R-learner,0.8027657247679548,0.5159764006111343
0,TARNet,0.5294028848929088,0.4409046173095703
0,DragonNet,0.5304160447756598,0.4394693374633789
1,OPM-proximal,0.4040498159360276,0.18255610915275455
1,OPM-dr_fallback,0.6672016338216682,0.5081472453970557
1,sieve1-PDR,0.3113160930589517,0.05696173749917932
1,sieve2-PDR,1.4696331277890369,1.0718635103598433
1,sieve3-PDR,1.9292916010906482,0.15686200765457947
1,S-learner,0.6298912200471586,0.478192869964857
1,T-learner,0.7868130622390678,0.5391415023882282
1,X-learner,0.6818242230768207,0.519326653021082
1,DR-learner,0.5764830639817075,0.5222956954616929
1,CausalForest,0.672404569439681,0.5085031941774623
1,R-learner,0.7673941208185593,0.5134548482690238
1,TARNet,0.5691706925547333,0.45837998390197754
1,DragonNet,0.5861504182649202,0.4574925899505615
2,OPM-proximal,0.9407764135218705,0.09684421456388725
2,OPM-dr_fallback,0.6423735898773429,0.5721186122950028
2,sieve1-PDR,0.29564405520532566,0.23088779455830544
2,sieve2-PDR,1.721460881522468,0.4620410052812969
2,sieve3-PDR,2.6873690642853294,1.5783219615948796
2,S-learner,0.6795590504277381,0.5518433741793274
2,T-learner,0.8347375764201302,0.5957862197557389
2,X-learner,0.6999779316647823,0.5716238575560317
2,DR-learner,0.6121114390424673,0.5831517222771572
2,CausalForest,0.6787364855723973,0.5870314160291934
2,R-learner,0.8289963454400436,0.5903050453729715
2,TARNet,0.6537658855517573,0.5683364868164062
2,DragonNet,0.7397226065877053,0.6355807781219482
3,OPM-proximal,0.6231011216688821,0.18428289097630568
3,OPM-dr_fallback,0.8898011473005069,0.667605987730592
3,sieve1-PDR,0.5570468593865975,0.32210806075531373
3,sieve2-PDR,1.348045640699383,0.23970510661145616
3,sieve3-PDR,3.231333802240474,0.10284831020777552
3,S-learner,0.7519479703054442,0.6552448851829937
3,T-learner,0.8974716487852642,0.7020976880301921
3,X-learner,0.7793106838314995,0.6798465949648218
3,DR-learner,0.7030186195260456,0.6721280434126573
3,CausalForest,0.7588211748666939,0.6581600001308949
3,R-learner,0.8817162422365208,0.6838588938709496
3,TARNet,0.7713798548071851,0.7124967575073242
3,DragonNet,0.594085389962595,0.5840585231781006
4,OPM-proximal,0.575294263712676,0.19049393770975742
4,OPM-dr_fallback,1.0823347923997784,0.5952856945386853
4,sieve1-PDR,0.5585037587054303,0.2523863018110042
4,sieve2-PDR,1.9540603412318993,0.08807682080416823
4,sieve3-PDR,3.4422761132218014,1.19648212101262
4,S-learner,0.7301122193791281,0.5780703755080432
4,T-learner,0.8728928848015678,0.6378829576764455
4,X-learner,0.7615457669256255,0.6144849667571934
4,DR-learner,0.707673075286929,0.6234423781484142
4,CausalForest,0.7534792440238444,0.6033776552202417
4,R-learner,0.87520991537593,0.5954843388190612
4,TARNet,0.7226228700609958,0.6509380340576172
4,DragonNet,0.6272533403510638,0.5246274471282959
5,OPM-proximal,0.639629989823236,0.002441741910577555
5,OPM-dr_fallback,0.7695842603737323,0.5801518915458082
5,sieve1-PDR,0.29028552223202486,0.20667570277156244
5,sieve2-PDR,0.8652286375326054,0.3639696561238681
5,sieve3-PDR,1.8399070886222015,0.6873330818623988
5,S-learner,0.7480820482879611,0.5540803747365306
5,T-learner,0.9105566765028957,0.6129186815431522
5,X-learner,0.8149823992833004,0.604994126843978
5,DR-learner,0.6837250115261576,0.5698767087260403
5,CausalForest,0.7418780725266313,0.536004254782541
5,R-learner,0.9200821568227732,0.5934701799756654
5,TARNet,0.5782865174525473,0.41184139251708984
5,DragonNet,0.599527178831024,0.4230625629425049
6,OPM-proximal,0.5238256269229025,0.21524323133691325
6,OPM-dr_fallback,0.8503390381189729,0.640282422283617
6,sieve1-PDR,0.7644366655037215,0.4888644827255537
6,sieve2-PDR,0.8397096086467742,0.6745008586530175
6,sieve3-PDR,1.820746166171517,0.7177782520989506
6,S-learner,0.7825898991894245,0.6001502104823877
6,T-learner,0.9317404403782112,0.6521447337542234
6,X-learner,0.8355153373615294,0.6447514500341796
6,DR-learner,0.7091587298761588,0.6497674776389988
6,CausalForest,0.7430670478073617,0.6105838632394773
6,R-learner,0.9128994428383531,0.624955545568906
6,TARNet,0.7154320595522409,0.6259398460388184
6,DragonNet,0.7180872385245515,0.6625885963439941
7,OPM-proximal,0.3731197865048025,0.10468512398886443
7,OPM-dr_fallback,0.8830370526950465,0.47173070010167706
7,sieve1-PDR,0.3513534175615673,0.21113529891468508
7,sieve2-PDR,0.6265282385102048,0.3745252112526991
7,sieve3-PDR,0.970676360825174,0.6099274823304193
7,S-learner,0.6884130598116361,0.5165552988841351
7,T-learner,0.8039248985432724,0.5757672121812183
7,X-learner,0.7104685203561897,0.5629220570193385
7,DR-learner,0.6476333315710022,0.547895487259745
7,CausalForest,0.7047326645940841,0.5566674821942814
7,R-learner,0.7926191353639147,0.5573215596208563
7,TARNet,0.5569293213474725,0.4628431797027588
7,DragonNet,0.5430239829596555,0.4583852291107178
