r_h,r_q,n_rep,predicted_bias_mean,predicted_bias_sd,predicted_bias_se,theoretical_product_mean,theoretical_product_sd,theoretical_product_se,true_h_error_mean,true_h_error_sd,true_h_error_se,true_q_error_mean,true_q_error_sd,true_q_error_se,true_error_product_mean,true_error_product_sd,true_error_product_se,D_h_mean,D_h_sd,D_h_se,D_q_mean,D_q_sd,D_q_se,moment_product_mean,moment_product_sd,moment_product_se,incremental_ate_bias_mean,incremental_ate_bias_sd,incremental_ate_bias_se,ate_bias_mean,ate_bias_sd,ate_bias_se,abs_ate_bias_mean,abs_ate_bias_sd,abs_ate_bias_se,min_q_multiplier_mean,min_q_multiplier_sd,min_q_multiplier_se,min_q_mean,min_q_sd,min_q_se,incremental_bias_minus_prediction
0.0,0.0,200,0.0,0.0,0.0,0.0,0.0,0.0,0.0,0.0,0.0,0.0,0.0,0.0,0.0,0.0,0.0,0.010090058257373767,0.0038903356705200574,0.00027508827337166465,0.01087600348966046,0.004415373370541384,0.0003122140451780315,0.00010805656569369355,5.734594216651839e-05,4.054970457947672e-06,0.0,0.0,0.0,0.005315534787935754,0.07316205678562675,0.0051733386478671935,0.06025461592849192,0.0416199518462946,0.002942975018317248,1.0,0.0,0.0,0.09834052703288318,1.669513551129383e-16,1.1805243532864205e-17,0.0
0.0,0.05,200,0.0,0.0,0.0,0.0,0.0,0.0,0.0,0.0,0.0,0.10679824707124422,0.0015717831098934407,0.00011114184955601324,0.0,0.0,0.0,0.010160401105335764,0.0038922531032533126,0.0002752238563404801,0.01130229334821393,0.004416478573424909,0.00031229219482338424,0.00011298065856873051,5.852378050987562e-05,4.138256205920615e-06,-0.00010154262405657157,0.001444541969147958,0.00010214454220930896,0.00521399216387918,0.07326131997076295,0.005180357615000392,0.06035933131519377,0.04162915648503043,0.002943625884564096,0.9500859739707124,4.34629753821427e-05,3.073296462325708e-06,0.09343837267925262,8.244854383762125e-06,5.829992444653832e-07,-0.00010154262405657157
0.0,0.1,200,0.0,0.0,0.0,0.0,0.0,0.0,0.0,0.0,0.0,0.2135964941424885,0.0031435662197868823,0.00022228369911202653,0.0,0.0,0.0,0.010085991544317423,0.003848932245056202,0.0002721606090806803,0.012110674423244426,0.004215941292152156,0.00029811206767651647,0.00012085260503278017,6.019435580440831e-05,4.256383717845293e-06,-0.0002030852481131646,0.002889083938296004,0.00020428908441862413,0.005112449539822594,0.0733888878347057,0.0051893780251659315,0.060470249875195885,0.04167938446163815,0.002947177538850556,0.9001719479414249,8.692595076429317e-05,6.146592924651965e-06,0.08853621832562204,1.648970876751925e-05,1.165998488930413e-06,-0.0002030852481131646
0.0,0.2,200,0.0,0.0,0.0,0.0,0.0,0.0,0.0,0.0,0.0,0.427192988284977,0.0062871324395737714,0.00044456739822405355,0.0,0.0,0.0,0.010096104923010505,0.0038754849194519393,0.00027403816669306673,0.015104876166255334,0.003907269462914027,0.0002762856733149628,0.00015095856348635765,6.764071651333744e-05,4.782920933089779e-06,-0.0004061704962263223,0.00577816787659207,0.00040857816883725265,0.004909364291709442,0.07372831731520647,0.005213379313905604,0.060723623988739026,0.04188316841724617,0.0029615872405413003,0.8003438958828495,0.00017385190152858677,1.2293185849303961e-05,0.07873190961836095,3.297941753503787e-05,2.3319969778607814e-06,-0.0004061704962263223
0.0,0.4,200,0.0,0.0,0.0,0.0,0.0,0.0,0.0,0.0,0.0,0.8543859765699541,0.012574264879147538,0.0008891347964481067,0.0,0.0,0.0,0.010116378198469594,0.003872813489766762,0.00027384926808848154,0.02256177270319313,0.003400812096349708,0.0002404737294870117,0.0002272132952463137,9.093109808677114e-05,6.429799607789497e-06,-0.0008123409924526234,0.011556335753184169,0.0008171563376745074,0.004503193795483136,0.07473832646761933,0.005284797745978765,0.06147583222386314,0.04251974608039613,0.0030066000787778227,0.6006877917656991,0.00034770380305717755,2.4586371698608204e-05,0.05912329220383872,6.595883507007262e-05,4.663993955721341e-06,-0.0008123409924526234
0.05,0.0,200,0.0,0.0,0.0,0.0,0.0,0.0,0.031423576942125775,0.00020542794032366965,1.452594896480522e-05,0.0,0.0,0.0,0.0,0.0,0.0,0.010435845438976249,0.0039815484584597455,0.0002815379914599731,0.010882717311377433,0.004452092272267492,0.00031481046361885685,0.00011159817551199453,5.879687461334288e-05,4.157566875166992e-06,-7.29515271797592e-05,0.0009431399278354295,6.669006385802233e-05,0.005242583260755995,0.07311714882588995,0.005170163175581279,0.060171696115009034,0.041652288010826655,0.0029452615304390657,1.0,0.0,0.0,0.09834052703288318,1.669513551129383e-16,1.1805243532864205e-17,-7.29515271797592e-05
0.05,0.05,200,-0.0009857362259946003,8.69538307879887e-19,6.148564340033441e-20,0.0009857362259946003,8.69538307879887e-19,6.148564340033441e-20,0.031423576942125775,0.00020542794032366965,1.452594896480522e-05,0.10679824707124422,0.0015717831098934407,0.00011114184955601324,0.003356110537186463,6.148824034919511e-05,4.347875171414415e-06,0.010481003910448417,0.003930441437263695,0.00027792417933457587,0.011232347808028106,0.004351856701461618,0.0003077227384355631,0.00011585162493685571,5.8519855541108186e-05,4.137978668717475e-06,-0.0011626125698273166,0.001690365068567054,0.00011952686026646273,0.0041529222181084175,0.07321505475152458,0.005177086169974738,0.06023409679759286,0.04161008728426669,0.002942277488446911,0.9500859739707124,4.34629753821427e-05,3.073296462325708e-06,0.09343837267925262,8.244854383762125e-06,5.829992444653832e-07,-0.00017687634383271628
0.05,0.1,200,-0.0019714724519892006,1.739076615759774e-18,1.2297128680066881e-19,0.0019714724519892006,1.739076615759774e-18,1.2297128680066881e-19,0.031423576942125775,0.00020542794032366965,1.452594896480522e-05,0.2135964941424885,0.0031435662197868823,0.00022228369911202653,0.006712221074372977,0.00012297648069839286,8.695750342829015e-06,0.010438324585546204,0.0038192791754681874,0.0002700638204218121,0.012182467774173263,0.004207096696349802,0.00029748666030964666,0.00012535204654771828,6.031637694523454e-05,4.265011915457928e-06,-0.0022522736124749093,0.0029960919980998517,0.00021185569689151576,0.003063261175460823,0.07334113746162275,0.005186001563904819,0.06031457386546854,0.04162000365112238,0.0029429786814717503,0.9001719479414249,8.692595076429317e-05,6.146592924651965e-06,0.08853621832562204,1.648970876751925e-05,1.165998488930413e-06,-0.0002808011604857087
0.05,0.2,200,-0.003942944903978401,3.478153231519548e-18,2.4594257360133763e-19,0.003942944903978401,3.478153231519548e-18,2.4594257360133763e-19,0.031423576942125775,0.00020542794032366965,1.452594896480522e-05,0.427192988284977,0.0062871324395737714,0.00044456739822405355,0.013424442148746003,0.0002459529613967804,1.7391500685657658e-05,0.010449316480566089,0.0038985611783255514,0.00027566990460646144,0.015080430465124577,0.003953788188668914,0.00027957504395830656,0.000155964280786702,6.821328447529722e-05,4.823407601948971e-06,-0.004431595697770097,0.005802522711428788,0.00041030031572402483,0.0008839390901656345,0.07367722228830234,0.005209766349904723,0.06055555242380837,0.041757830640020574,0.0029527245213197936,0.8003438958828495,0.00017385190152858677,1.2293185849303961e-05,0.07873190961836095,3.297941753503787e-05,2.3319969778607814e-06,-0.0004886507937916958
0.05,0.4,200,-0.007885889807956802,6.956306463039096e-18,4.918851472026753e-19,0.007885889807956802,6.956306463039096e-18,4.918851472026753e-19,0.031423576942125775,0.00020542794032366965,1.452594896480522e-05,0.8543859765699541,0.012574264879147538,0.0008891347964481067,0.02684888429749206,0.0004919059227935635,3.4783001371315505e-05,0.01046425165303275,0.003912055148614214,0.00027662407239608576,0.022542294962810242,0.0033620950053422642,0.00023773601772709367,0.0002346086591565405,9.16409769372351e-05,6.479995622687894e-06,-0.008790239868360505,0.011526995253824425,0.0008150816510684399,-0.0034747050804247726,0.07467912230794069,0.005280611379700443,0.06136778428870416,0.04247559250706314,0.0030034779496660854,0.6006877917656991,0.00034770380305717755,2.4586371698608204e-05,0.05912329220383872,6.595883507007262e-05,4.663993955721341e-06,-0.0009043500604037028
0.1,0.0,200,0.0,0.0,0.0,0.0,0.0,0.0,0.0628471538842516,0.0004108558806473325,2.9051897929609963e-05,0.0,0.0,0.0,0.0,0.0,0.0,0.011212799142353775,0.0038322415276795486,0.0002709803971366903,0.010903068234691475,0.004445281966027778,0.000314328902246451,0.00012022683300129445,5.9355462907281134e-05,4.1970650322205075e-06,-0.00014590305435948609,0.0018862798556708517,0.00013338012771604412,0.005169631733576271,0.07308438531997348,0.005167846445860381,0.060099971163485144,0.0416896803340008,0.0029479055669671414,1.0,0.0,0.0,0.09834052703288318,1.669513551129383e-16,1.1805243532864205e-17,-0.00014590305435948609
0.1,0.05,200,-0.0019714724519892006,1.739076615759774e-18,1.2297128680066881e-19,0.0019714724519892006,1.739076615759774e-18,1.2297128680066881e-19,0.0628471538842516,0.0004108558806473325,2.9051897929609963e-05,0.10679824707124422,0.0015717831098934407,0.00011114184955601324,0.006712221074372976,0.00012297648069839307,8.695750342829032e-06,0.011202923253085386,0.003817218074929736,0.00026991807860506746,0.0112745507296818,0.0044035824714569625,0.0003113803027081434,0.00012448685550037065,6.139840508618378e-05,4.341522859047916e-06,-0.0022236825155980706,0.002326555290041088,0.00016451230223934882,0.003091852272337654,0.07318095635865358,0.005174675049492075,0.06013747750458693,0.04159772004718776,0.0029414029927266054,0.9500859739707124,4.34629753821427e-05,3.073296462325708e-06,0.09343837267925262,8.244854383762125e-06,5.829992444653832e-07,-0.00025221006360887
0.1,0.1,200,-0.003942944903978401,3.478153231519548e-18,2.4594257360133763e-19,0.003942944903978401,3.478153231519548e-18,2.4594257360133763e-19,0.0628471538842516,0.0004108558806473325,2.9051897929609963e-05,0.2135964941424885,0.0031435662197868823,0.00022228369911202653,0.013424442148746003,0.0002459529613967796,1.73915006856576e-05,0.011251207788386477,0.0038205606254788417,0.00027015443262104065,0.012106549205811779,0.004107317373305546,0.00029043119671496697,0.00013447460077176812,6.087319491275245e-05,4.30438489152977e-06,-0.004301461976836661,0.0033770060455195067,0.000238790387489481,0.0010140728110990581,0.07330561964833338,0.005183490075241834,0.060240550203466664,0.04156425983938356,0.00293903699874278,0.9001719479414249,8.692595076429317e-05,6.146592924651965e-06,0.08853621832562204,1.648970876751925e-05,1.165998488930413e-06,-0.00035851707285826026
0.1,0.2,200,-0.007885889807956802,6.956306463039096e-18,4.918851472026753e-19,0.007885889807956802,6.956306463039096e-18,4.918851472026753e-19,0.0628471538842516,0.0004108558806473325,2.9051897929609963e-05,0.427192988284977,0.0062871324395737714,0.00044456739822405355,0.02684888429749206,0.0004919059227935628,3.478300137131545e-05,0.01122965128766527,0.0037608059540379336,0.00026592913928269663,0.015044140111347444,0.003872090833566859,0.00027379816857853976,0.00016720736518253227,6.722741495105615e-05,4.75369609935337e-06,-0.008457020899313921,0.00598300074625061,0.0004230620399517981,-0.0031414861113781985,0.07363862014197764,0.0052070367659612675,0.06057351324285071,0.04177291533056614,0.0029537911700174804,0.8003438958828495,0.00017385190152858677,1.2293185849303961e-05,0.07873190961836095,3.297941753503787e-05,2.3319969778607814e-06,-0.0005711310913571188
0.1,0.4,200,-0.015771779615913604,1.3912612926078192e-17,9.837702944053505e-19,0.015771779615913604,1.3912612926078192e-17,9.837702944053505e-19,0.0628471538842516,0.0004108558806473325,2.9051897929609963e-05,0.8543859765699541,0.012574264879147538,0.0008891347964481067,0.053697768594984166,0.0009838118455871244,6.956600274263082e-05,0.011253932366020378,0.0038653873313943083,0.0002733241593941488,0.022600847666109702,0.0034076660532597947,0.00024095837742791996,0.0002531749778521825,9.320080104193205e-05,6.590291842876839e-06,-0.016768138744268336,0.011585274446802657,0.0008192026123241387,-0.011452603956332609,0.07463343362778488,0.00527738070214428,0.0618363001099103,0.043116446209818124,0.003048793149562741,0.6006877917656991,0.00034770380305717755,2.4586371698608204e-05,0.05912329220383872,6.595883507007262e-05,4.663993955721341e-06,-0.0009963591283547318
0.2,0.0,200,0.0,0.0,0.0,0.0,0.0,0.0,0.12569430776850324,0.0008217117612946684,5.810379585922016e-05,0.0,0.0,0.0,0.0,0.0,0.0,0.013770481130445962,0.00350316233372224,0.0002477109841772287,0.010920355299073505,0.004471894775412119,0.0003162107120446602,0.00014877753348566596,6.793327932397937e-05,4.803608247822569e-06,-0.00029180610871895314,0.0037725597113417654,0.00026676025543209263,0.0050237286792168025,0.0730553509708992,0.005165793407348605,0.06002418897318337,0.041730572429386055,0.0029507970747615258,1.0,0.0,0.0,0.09834052703288318,1.669513551129383e-16,1.1805243532864205e-17,-0.00029180610871895314
0.2,0.05,200,-0.003942944903978401,3.478153231519548e-18,2.4594257360133763e-19,0.003942944903978401,3.478153231519548e-18,2.4594257360133763e-19,0.12569430776850324,0.0008217117612946684,5.810379585922016e-05,0.10679824707124422,0.0015717831098934407,0.00011114184955601324,0.013424442148746003,0.00024595296139677997,1.7391500685657627e-05,0.013723595284799437,0.003523530242786501,0.0002491512128390217,0.011285436800435932,0.004275886011706144,0.0003023507994458116,0.0001529926239669391,6.551275852928263e-05,4.632451581029258e-06,-0.004345822407139583,0.003984794735911134,0.00028176753793992203,0.0009697123807961315,0.07314932203943213,0.005172438165328103,0.0600867861787343,0.04151148859646467,0.0029353055083708203,0.9500859739707124,4.34629753821427e-05,3.073296462325708e-06,0.09343837267925262,8.244854383762125e-06,5.829992444653832e-07,-0.00040287750316118226
0.2,0.1,200,-0.007885889807956802,6.956306463039096e-18,4.918851472026753e-19,0.007885889807956802,6.956306463039096e-18,4.918851472026753e-19,0.12569430776850324,0.0008217117612946684,5.810379585922016e-05,0.2135964941424885,0.0031435662197868823,0.00022228369911202653,0.02684888429749206,0.0004919059227935649,3.478300137131561e-05,0.013776089650524275,0.003608208785487552,0.0002551388900155125,0.012134941652544994,0.00419928604837867,0.00029693436409506177,0.00016588999270790078,6.97665863902365e-05,4.933242633677332e-06,-0.008399838705560221,0.004653267551708883,0.00032903570404886753,-0.0030843039176245033,0.07327134673038696,0.005181066613972739,0.060301393255009154,0.041517710728166464,0.002935745479522798,0.9001719479414249,8.692595076429317e-05,6.146592924651965e-06,0.08853621832562204,1.648970876751925e-05,1.165998488930413e-06,-0.0005139488976034189
0.2,0.2,200,-0.015771779615913604,1.3912612926078192e-17,9.837702944053505e-19,0.015771779615913604,1.3912612926078192e-17,9.837702944053505e-19,0.12569430776850324,0.0008217117612946684,5.810379585922016e-05,0.427192988284977,0.0062871324395737714,0.00044456739822405355,0.053697768594984166,0.0009838118455871246,6.956600274263083e-05,0.013740579765800356,0.00357550780750751,0.0002528265816874005,0.015074530413437932,0.003936339926434987,0.0002783412655037535,0.00020558097089851102,7.057049788851312e-05,4.990087760867856e-06,-0.016507871302401545,0.006751688757257383,0.0004774164904717669,-0.01119233651446583,0.07359896675852766,0.00520423284832782,0.061157634602119294,0.04223333122358633,0.002986347490029544,0.8003438958828495,0.00017385190152858677,1.2293185849303961e-05,0.07873190961836095,3.297941753503787e-05,2.3319969778607814e-06,-0.0007360916864879406
0.2,0.4,200,-0.03154355923182721,2.7825225852156384e-17,1.967540588810701e-18,0.03154355923182721,2.7825225852156384e-17,1.967540588810701e-18,0.12569430776850324,0.0008217117612946684,5.810379585922016e-05,0.8543859765699541,0.012574264879147538,0.0008891347964481067,0.10739553718996837,0.0019676236911742497,0.00013913200548526172,0.013750159158679031,0.003685629121844676,0.00026061333449949904,0.02253636459767504,0.0033592060359904797,0.00023753173674516498,0.000308676633825084,8.972054254420601e-05,6.344200404474421e-06,-0.032723936496084155,0.01195764339298825,0.0008455330730192508,-0.02740840170814843,0.07458269471200547,0.005273792919002512,0.06487926872812971,0.0456848108451797,0.0032304039545851294,0.6006877917656991,0.00034770380305717755,2.4586371698608204e-05,0.05912329220383872,6.595883507007262e-05,4.663993955721341e-06,-0.001180377264256946
0.4,0.0,200,0.0,0.0,0.0,0.0,0.0,0.0,0.2513886155370066,0.0016434235225893327,0.00011620759171844004,0.0,0.0,0.0,0.0,0.0,0.0,0.020733626990449037,0.0030961727767726556,0.00021893247661811273,0.010895388851622702,0.004458503904233941,0.0003152638344630517,0.00022418308544941277,9.300665098090537e-05,6.576563360404865e-06,-0.0005836122174379567,0.007545119422683452,0.0005335205108641797,0.004731922570497805,0.07314332827681906,0.005172014342309251,0.05996875243257407,0.04193002740205381,0.002964900671133,1.0,0.0,0.0,0.09834052703288318,1.669513551129383e-16,1.1805243532864205e-17,-0.0005836122174379567
0.4,0.05,200,-0.007885889807956802,6.956306463039096e-18,4.918851472026753e-19,0.007885889807956802,6.956306463039096e-18,4.918851472026753e-19,0.2513886155370066,0.0016434235225893327,0.00011620759171844004,0.10679824707124422,0.0015717831098934407,0.00011114184955601324,0.02684888429749206,0.0004919059227935635,3.4783001371315505e-05,0.02069075264951471,0.00324909600735404,0.00022974578195261784,0.01124926185297926,0.004360498592629785,0.00030833381242029173,0.00023153037115854292,9.372406361940752e-05,6.6272920945642455e-06,-0.00859010219022265,0.007630777344741232,0.0005395774406191203,-0.0032745674022869303,0.07323239660156938,0.005178312423951239,0.060168915843989285,0.04165656849494969,0.002945564206374082,0.9500859739707124,4.34629753821427e-05,3.073296462325708e-06,0.09343837267925262,8.244854383762125e-06,5.829992444653832e-07,-0.0007042123822658484
0.4,0.1,200,-0.015771779615913604,1.3912612926078192e-17,9.837702944053505e-19,0.015771779615913604,1.3912612926078192e-17,9.837702944053505e-19,0.2513886155370066,0.0016434235225893327,0.00011620759171844004,0.2135964941424885,0.0031435662197868823,0.00022228369911202653,0.053697768594984166,0.0009838118455871249,6.956600274263086e-05,0.02084712146013885,0.003194417771627666,0.00022587944682607428,0.012190487870859882,0.004272606584041848,0.0003021189088918281,0.00025289628721887706,9.205917528707096e-05,6.50956671159289e-06,-0.016596592163007386,0.007982759723459002,0.0005644663533040709,-0.01128105737507167,0.07334996323614341,0.0051866256404060965,0.06100917370444542,0.04203921357495091,0.002972621299459735,0.9001719479414249,8.692595076429317e-05,6.146592924651965e-06,0.08853621832562204,1.648970876751925e-05,1.165998488930413e-06,-0.0008248125470937812
0.4,0.2,200,-0.03154355923182721,2.7825225852156384e-17,1.967540588810701e-18,0.03154355923182721,2.7825225852156384e-17,1.967540588810701e-18,0.2513886155370066,0.0016434235225893327,0.00011620759171844004,0.427192988284977,0.0062871324395737714,0.00044456739822405355,0.10739553718996837,0.0019676236911742484,0.00013913200548526161,0.02067747007559255,0.003140272241042189,0.00022205077964128085,0.01502643710910742,0.003987295748006066,0.00028194438620113765,0.00030887095278099444,8.701071169921343e-05,6.152586427838148e-06,-0.03260957210857681,0.009343612526341916,0.0006606931778155937,-0.027294037320641094,0.07367001261447338,0.005209256548979262,0.06444089204212784,0.044749108644995005,0.0031642398174929524,0.8003438958828495,0.00017385190152858677,1.2293185849303961e-05,0.07873190961836095,3.297941753503787e-05,2.3319969778607814e-06,-0.0010660128767496016
0.4,0.4,200,-0.06308711846365452,1.2521351633470372e-16,8.853932649648153e-18,0.06308711846365452,1.2521351633470372e-16,8.853932649648153e-18,0.2513886155370066,0.0016434235225893327,0.00011620759171844004,0.8543859765699541,0.012574264879147538,0.0008891347964481067,0.21479107437993683,0.0039352473823485,0.0002782640109705235,0.02073198606889023,0.0032086172585831536,0.00022688350217763378,0.022540740965363012,0.003495157850887899,0.0002471449817680233,0.00046612758628730445,9.549851034597564e-05,6.752764425885304e-06,-0.06463553199971575,0.013594463179629972,0.0009612737100907188,-0.05931999721178001,0.07464400251850684,0.005278128035574191,0.07803933079489578,0.05465831181040241,0.0038649262929344305,0.6006877917656991,0.00034770380305717755,2.4586371698608204e-05,0.05912329220383872,6.595883507007262e-05,4.663993955721341e-06,-0.0015484135360612356
