config_id,family,n,proxy_noise,p,n_rep,modal_oracle,modal_oracle_frequency,modal_MSES,MSES_oracle_match_rate,distinct_oracle_winners
core_L_n1500_high,L,1500,high,10,30,kernel_kernel,0.4,kernel_kernel,0.3416666666666667,5
core_L_n1500_low,L,1500,low,10,30,kernel_sieve1,0.4666666666666667,kernel_kernel,0.4083333333333333,5
core_L_n6000_high,L,6000,high,10,30,kernel_kernel,0.36666666666666664,kernel_kernel,0.3333333333333333,4
core_L_n6000_low,L,6000,low,10,30,kernel_sieve1,0.36666666666666664,kernel_kernel,0.3416666666666667,5
core_M_n1500_high,M,1500,high,10,30,kernel_sieve1,0.4,kernel_kernel,0.35833333333333334,5
core_M_n1500_low,M,1500,low,10,30,kernel_sieve1,0.5,kernel_kernel,0.31666666666666665,5
core_M_n6000_high,M,6000,high,10,30,kernel_sieve1,0.36666666666666664,kernel_kernel,0.35833333333333334,5
core_M_n6000_low,M,6000,low,10,30,kernel_kernel,0.3333333333333333,kernel_kernel,0.4,5
core_N_n1500_high,N,1500,high,10,30,kernel_kernel,0.5333333333333333,kernel_kernel,0.5,5
core_N_n1500_low,N,1500,low,10,30,kernel_kernel,0.36666666666666664,kernel_kernel,0.2916666666666667,4
core_N_n6000_high,N,6000,high,10,30,kernel_kernel,0.5,kernel_kernel,0.425,5
core_N_n6000_low,N,6000,low,10,30,kernel_kernel,0.36666666666666664,kernel_kernel,0.4166666666666667,6
core_Q_n1500_high,Q,1500,high,10,30,sieve1_kernel,0.36666666666666664,kernel_kernel,0.11666666666666667,5
core_Q_n1500_low,Q,1500,low,10,30,kernel_sieve1,0.4,sieve1_kernel,0.15833333333333333,4
core_Q_n6000_high,Q,6000,high,10,30,sieve2_sieve2,0.4666666666666667,kernel_sieve1,0.175,4
core_Q_n6000_low,Q,6000,low,10,30,sieve2_sieve2,0.7,sieve1_sieve1,0.025,4
stress_L_n3000_low_p40,L,3000,low,40,30,kernel_sieve1,0.43333333333333335,kernel_sieve1,0.39166666666666666,4
stress_M_n3000_low_p40,M,3000,low,40,30,kernel_sieve1,0.5333333333333333,kernel_sieve1,0.475,4
stress_N_n3000_low_p40,N,3000,low,40,30,kernel_sieve1,0.36666666666666664,sieve1_kernel,0.25833333333333336,4
stress_Q_n3000_low_p40,Q,3000,low,40,30,kernel_sieve1,0.9,sieve1_kernel,0.03333333333333333,3
