scope,candidate,count,frequency
pooled,kernel_sieve1,216,0.36
pooled,kernel_kernel,157,0.26166666666666666
pooled,sieve1_sieve1,85,0.14166666666666666
pooled,sieve1_kernel,70,0.11666666666666667
pooled,sieve2_sieve2,67,0.11166666666666666
pooled,sieve3_sieve3,5,0.008333333333333333
family_L,kernel_sieve1,55,0.36666666666666664
family_L,kernel_kernel,50,0.3333333333333333
family_L,sieve1_sieve1,25,0.16666666666666666
family_L,sieve1_kernel,14,0.09333333333333334
family_L,sieve2_sieve2,6,0.04
family_Q,kernel_sieve1,62,0.41333333333333333
family_Q,sieve2_sieve2,44,0.29333333333333333
family_Q,sieve1_kernel,21,0.14
family_Q,sieve1_sieve1,19,0.12666666666666668
family_Q,sieve3_sieve3,3,0.02
family_Q,kernel_kernel,1,0.006666666666666667
family_N,kernel_kernel,59,0.3933333333333333
family_N,kernel_sieve1,36,0.24
family_N,sieve1_kernel,26,0.17333333333333334
family_N,sieve1_sieve1,18,0.12
family_N,sieve2_sieve2,9,0.06
family_N,sieve3_sieve3,2,0.013333333333333334
family_M,kernel_sieve1,63,0.42
family_M,kernel_kernel,47,0.31333333333333335
family_M,sieve1_sieve1,23,0.15333333333333332
family_M,sieve1_kernel,9,0.06
family_M,sieve2_sieve2,8,0.05333333333333334
