scope,comparator,n_paired_task_rows,n_independent_scientific_seed_blocks,mean_error_reduction_MSES,descriptive_row_median_error_reduction_MSES,stratified_seed_block_bootstrap_95ci_low,stratified_seed_block_bootstrap_95ci_high,descriptive_fraction_rows_MSES_lower_error
core_plus_switching,product,793,223,-0.06881836313199974,0.002444337346054995,-0.1085333524557079,-0.0344389643963274,0.5535939470365699
core_plus_switching,variance_only,793,223,-0.10544773459580119,0.0,-0.1447531935231162,-0.07270412589337746,0.23329129886506936
core_plus_switching,fixed_sieve1,793,223,-0.05892544955602163,0.004145768499238089,-0.1003061893108755,-0.024798749699294343,0.5813366960907944
core_plus_switching,fixed_kernel,793,223,-0.08484739484534863,0.0019649485123236984,-0.12374499694514576,-0.05102697697559773,0.5372005044136192
core_plus_switching,biasvar_mult,793,223,-0.10732080275745795,0.0,-0.14706158663435864,-0.07407048707170136,0.4085750315258512
core_plus_switching,biasvar_add,793,223,-0.09450099725336564,0.0,-0.1353917314383786,-0.06001379088019425,0.4401008827238335
flagship_B2_E2,product,193,193,-0.42759495467576053,-0.001771754027943384,-0.5838816268076635,-0.2928596277900247,0.43005181347150256
flagship_B2_E2,variance_only,193,193,-0.44239514876125957,0.0,-0.6087976645843165,-0.30143844350139243,0.18134715025906736
flagship_B2_E2,fixed_sieve1,193,193,-0.42260810359659307,-0.0041087678235475975,-0.5803417447437005,-0.28714773723718034,0.44041450777202074
flagship_B2_E2,fixed_kernel,193,193,-0.3882351232306084,0.0032213635670162166,-0.5470482357687179,-0.24786403063905643,0.5077720207253886
flagship_B2_E2,biasvar_mult,193,193,-0.43988272024920233,0.0,-0.6029986713587967,-0.3019378694027939,0.19689119170984457
flagship_B2_E2,biasvar_add,193,193,-0.43518880940719584,0.0,-0.588347736964138,-0.30186032662159873,0.32124352331606215
R_switching,product,600,30,0.046588107147909966,0.0038232793895967496,0.034486432662211075,0.058748322242909455,0.5933333333333334
R_switching,variance_only,600,30,0.002937016960754592,0.0,0.0016213034938351554,0.004023489389230602,0.25
R_switching,fixed_sieve1,600,30,0.058059137493695505,0.0070847658379108,0.045833628371391856,0.07040767000261167,0.6266666666666667
R_switching,fixed_kernel,600,30,0.012742324451909893,0.0019212111507840002,0.009329728963290212,0.015463786661761944,0.5466666666666666
R_switching,biasvar_mult,600,30,-0.0003467192976135188,0.0,-0.0029715602013411814,0.0027554931251809857,0.4766666666666667
R_switching,biasvar_add,600,30,0.015086915656116423,0.0,0.006593311272991456,0.02607484863232349,0.47833333333333333
oracle_not_sieve1,product,670,185,-0.05864517663441643,0.004386258021955355,-0.10152339033625282,-0.022684111709870853,0.5985074626865672
oracle_not_sieve1,variance_only,670,185,-0.1043711937559532,0.0,-0.14756568083712712,-0.06873478256023562,0.2462686567164179
oracle_not_sieve1,fixed_sieve1,670,185,-0.04384375336664436,0.010413258524268802,-0.08828575086569447,-0.007116098915994764,0.6791044776119403
oracle_not_sieve1,fixed_kernel,670,185,-0.08828046631058928,0.0005180884761278536,-0.13058535286687825,-0.05229700755396921,0.5104477611940299
oracle_not_sieve1,biasvar_mult,670,185,-0.1057552897080364,0.0,-0.1498858226962242,-0.06972782014388251,0.4223880597014925
oracle_not_sieve1,biasvar_add,670,185,-0.09023191918268897,0.0,-0.1348800601014842,-0.05328750935721339,0.46119402985074626
