study,config_id,n_tasks,abstention_rate,survivor_count_mean,survivor_count_median,oracle_candidate_survival_rate
B2,S1_n4000,50,0.0,4.715,4.75,0.8
C2,S2_n4000,50,0.0,4.955,5.0,0.84
D2,nonlinear_n4000,50,0.14,2.125,2.0,0.115
E2,hamd_n1500,50,0.0,2.805,2.75,0.935
F2,S1_cU0.0_n4000,30,0.0,5.058333333333334,5.25,0.8583333333333333
F2,S1_cU0.5_n4000,30,0.0,5.05,5.25,0.8583333333333333
F2,S1_cU1.0_n4000,30,0.0,4.683333333333334,4.75,0.775
F2,S1_cU2.0_n4000,30,0.0,4.133333333333334,4.0,0.6666666666666666
G2,S1_additive0.0_n4000,30,0.0,4.908333333333333,5.0,0.8166666666666667
G2,S1_additive0.1_n4000,30,0.0,4.916666666666667,4.875,0.875
G2,S1_additive0.2_n4000,30,0.0,4.95,5.125,0.8583333333333333
G2,S1_additive0.3_n4000,30,0.0,4.841666666666667,4.75,0.8416666666666667
G2,S1_heavy_tail0.0_n4000,30,0.0,4.875,5.0,0.8083333333333333
G2,S1_heavy_tail0.1_n4000,30,0.0,5.075,5.25,0.9083333333333333
G2,S1_heavy_tail0.2_n4000,30,0.0,5.075,5.25,0.875
G2,S1_heavy_tail0.3_n4000,30,0.0,5.041666666666667,5.125,0.85
G2,S1_missing0.0_n4000,30,0.0,4.991666666666666,5.0,0.8083333333333333
G2,S1_missing0.1_n4000,30,0.0,5.008333333333334,5.25,0.85
G2,S1_missing0.2_n4000,30,0.0,5.15,5.25,0.8833333333333333
G2,S1_missing0.3_n4000,30,0.0,5.058333333333334,5.25,0.875
G2,S1_shift0.0_n4000,30,0.0,4.858333333333333,4.875,0.8333333333333334
G2,S1_shift0.1_n4000,30,0.0,5.116666666666666,5.0,0.85
G2,S1_shift0.2_n4000,30,0.0,4.85,5.0,0.8083333333333333
G2,S1_shift0.3_n4000,30,0.0,4.858333333333333,5.0,0.825
H2,L_n1000_low,30,0.0,5.35,5.375,0.9
H2,L_n2000_low,30,0.0,5.575,5.5,0.9416666666666667
H2,L_n4000_low,30,0.0,5.683333333333334,5.75,0.9916666666666667
H2,L_n8000_low,30,0.0,5.4,5.5,0.9166666666666666
H2,N_n1000_low,30,0.0,5.508333333333334,5.5,0.925
H2,N_n2000_low,30,0.0,5.633333333333334,5.75,0.9916666666666667
H2,N_n4000_low,30,0.0,5.675,5.75,0.9916666666666667
H2,N_n8000_low,30,0.0,5.55,5.5,0.925
I2,N_kernel_overregularized,50,0.7,0.72,0.75,0.72
I2,N_sieve1_only,50,0.0,1.0,1.0,1.0
I2,easy_L_full,50,0.0,5.73,5.75,0.99
R,core_L_n1500_high,30,0.0,5.416666666666667,5.375,0.9333333333333333
R,core_L_n1500_low,30,0.0,5.525,5.5,0.9666666666666667
R,core_L_n6000_high,30,0.0,5.175,5.125,0.9
R,core_L_n6000_low,30,0.0,5.65,5.75,0.9916666666666667
R,core_M_n1500_high,30,0.0,5.45,5.625,0.9
R,core_M_n1500_low,30,0.0,5.425,5.5,0.925
R,core_M_n6000_high,30,0.0,5.25,5.25,0.9416666666666667
R,core_M_n6000_low,30,0.0,5.7,5.75,1.0
R,core_N_n1500_high,30,0.0,5.525,5.5,0.9916666666666667
R,core_N_n1500_low,30,0.0,5.6,5.75,0.9916666666666667
R,core_N_n6000_high,30,0.0,5.1,5.125,0.8416666666666667
R,core_N_n6000_low,30,0.0,5.775,5.75,0.9916666666666667
R,core_Q_n1500_high,30,0.0,5.65,5.75,1.0
R,core_Q_n1500_low,30,0.0,5.766666666666667,5.75,0.925
R,core_Q_n6000_high,30,0.0,4.966666666666667,5.0,0.9333333333333333
R,core_Q_n6000_low,30,0.0,4.416666666666667,4.5,0.9833333333333333
R,stress_L_n3000_low_p40,30,0.0,2.9,3.0,0.7166666666666667
R,stress_M_n3000_low_p40,30,0.0,2.775,2.75,0.7
R,stress_N_n3000_low_p40,30,0.0,3.2666666666666666,3.25,0.85
R,stress_Q_n3000_low_p40,30,0.0,3.475,3.5,1.0
